Smiles,label
C=C(C)CCC1CC23CC(CC=C(C)C)C(C)(C)C(CC=C(C)C)(C(=O)C(C(=O)c4ccc(O)c(O)c4)=C2OC1(C)C)C3=O,1
C=C(C)CCC(CC12CC3C(C=C(C)C)C(C(=O)c4ccc(O)c(O)c4)(C1=O)C(=O)C(CC=C(C)C)(C2=O)C3(C)C)C(=C)C,1
Cc1cc2c(C(C)C)c(O)c(O)c(C=O)c2c(O)c1-c1c(C)cc2c(C(C)C)c(O)c(O)c(C=O)c2c1O,1
COc1cc(CC(CO)C(CO)Cc2ccc(O)c(OC)c2)ccc1O,1
COc1cc(C2c3cc4c(cc3CC3COC(=O)C32)OCO4)cc(OC)c1OC,1
CC1(C)CCC2(C(=O)O)CCC3(C)C(=CCC4C5(C)CCC(O)C(C)(COC(=O)C=Cc6ccc(O)cc6)C5CCC43C)C2C1,1
CC1CCC2(OC1)OC1CC3C4CC(O)C5CC(OC6OC(CO)C(OC7OC(CO)C(O)C(OC8OCC(O)C(O)C8O)C7OC7OC(CO)C(O)C(O)C7O)C(O)C6O)C(O)CC5(C)C4CCC3(C)C1C2C,1
COc1cc(C2c3cc4c(cc3C(OC(C)=O)C3COC(=O)C23)OCO4)cc(OC)c1OC,1
COc1ccc(C2CC(=O)c3c(O)cc(OC)cc3O2)cc1,1
CCCCCCCCCCCCC(O)C1CCC(C2CCC(C(O)CCC(O)CCCCCC(O)CC3=CC(C)OC3=O)O2)O1,1
CCCCCCC(O)CCCC(O)C1CCC(C(O)CCC(O)C2CCC(CCCCCCCCCC3=CC(C)OC3=O)O2)O1,1
C=C1CCC2(C(=O)OC)CCC3(C)C4=CC=C5C(=CC(=O)C(O)=C5C)C4(C)CCC3(C)C2C1,1
CC12CCC(O)CC1CCC1C2CCC2(C)C(C3=CC(=O)OC3)CCC12O,1
COC(=O)C1(OC)OCC23C(OC(=O)C=Cc4ccccc4)CC(O)C4(C)COC(C42)C2OC4(C)C5CC(OC6OC=CC65O)C4(O)C2(C)C13,1
COC(=O)C1C(OC=O)C2(O)c3c(OC)cc(OC)cc3OC2(c2ccc3c(c2)OCO3)C1c1ccccc1,1
CC1CCC2(C(=O)O)CCC3(COC(=O)C=Cc4ccc(O)cc4)C(=CCC4C5(C)CCC(O)C(C)(C)C5CCC43C)C2C1C,1
COc1c(O)cc2oc3cc4c(c(O)c3c(=O)c2c1CC=C(C)C)CC(O)C(C)(C)O4,1
CC12CCC3C(CCC4(O)CC(OC5OCC(O)C(O)C5O)CCC34C=O)C1(O)CCC2C1=CC(=O)OC1,1
CC1=C(CO)C(=O)OC(C(C)C2CCC3C4CC5OC56C(OC5C(=O)C5(C)C)CCC(=O)C6(C)C4CCC23C)C1,1
COc1cc2c(cc1OC)C1(O)C(=O)c3c(O)cc4c(c3OC1CO2)C(OC)C(O)C(C)(C)O4,1
COC(=O)C1C(O)C2(O)c3c(OC)cc(OC)cc3OC2(c2ccc3c(c2)OCO3)C1c1ccccc1,1
COc1cc(C2c3cc4c(cc3C(O)C3COC(=O)C23)OCO4)cc(OC)c1O,1
CCCCCC=CCC=CCCCCCCCc1cc(O)cc(O)c1,1
COc1cc(OC)c2c(c1)OC(c1ccc3c(c1)OCO3)C(O)C2,1
COc1ccc(-c2cc(=O)c3c(O)c(OC)c(OC)cc3o2)cc1OC,1
C=C1C(=O)OC2CC(C)C3C(O)CC(O)C3(C)C(O)C12,1
COc1ccc(C2=C(c3ccc(O)cc3)CN3CCCC3C2)cc1OC,1
COC1c2cc(C(C)C)c(O)c(O)c2C23CCCC(C)(C)C2C1OC3=O,1
CCCCCCC=CCCCCCCCc1cc(O)cc(O)c1,1
CCC1(O)C(=O)OCc2c1cc1n(c2=O)Cc2cc3c(N)cccc3nc2-1,1
CC=Cc1cc(OC)c2c(c1)C(C)C(c1ccc(OC)c(OC)c1)O2,1
O=C(CCc1ccccc1)c1c(O)c(Cc2ccccc2O)c(O)c2c(=O)c3ccccc3oc12,1
C=C1C(=O)C23CC1CC(OC(C)=O)C2C1(C)C(OC(C)=O)CC(O)C(C)(C)C1CC3OC(C)=O,1
COC(=O)C1C(O)C2(O)c3c(OC)cc(OC)cc3OC2(c2ccc(OC)cc2)C1c1ccccc1,1
C=C1C(=O)OC23CC1CCC(CO)=C2C(=O)C=C3C,1
CCCCCCCCCCCCCCCc1cc(O)cc(O)c1,1
C=CCSS(=O)CC=C,1
CC1CCC2(C)CCC3(C)C(=CCC4C5(C)CCC(O)C(C)(C)C5CCC43C)C2C1C,1
CC(=O)OC1OC(C2c3cccc(O)c3C(=O)c3c(O)cc(C)cc32)C(O)C(O)C1O,1
CCCCCCCCCCC(O)C1CCC(C2CCC(C(O)CCCCC(O)CCCCCC(O)CC3=CC(C)OC3=O)O2)O1,1
CCCCCC=CCC=CCCCCCCCc1cc(O)cc(O)c1OC(C)=O,1
COC(=O)CCC1(C)C(C(C)(C)O)CC(OC(=O)C(O)C(C)C)C2(C)C3=CCC(C4COC(C=C(C)C)C4)C3(C)CCC12,1
CCC(C)C(O)C(=O)OC1CC2(C)C(=CCC2C2COC(C=C(C)C)C2)C2(C)C(OC(=O)C(O)C(C)C)CC(C(C)(C)O)C(C)(CCC(=O)OC)C12,1
CCC(C)C(O)C(=O)OC1CC2(C)C(=CCC2C2COC(C=C(C)C)C2)C2(C)C(OC(=O)C(O)C(C)CC)CC(C(C)(C)O)C(C)(CCC(=O)OC)C12,1
CC=C(C)C(O)C(=O)OC1CC2(C)C(=CCC2C2COC(C=C(C)C)C2)C2(C)C(OC(=O)C(O)C(C)=CC)CC(C(C)(C)O)C(C)(CCC(=O)OC)C12,1
CC(C)=CCc1c(O)c(CC=C(C)C)c2oc(-c3ccc(O)cc3O)c(CC=C(C)C)c(=O)c2c1O,1
C=C(C)C1Cc2c(oc3c4c(cc(O)c3c2=O)OC(C)(C)C=C4)-c2c(O)cc(O)c(O)c21,1
COc1cc2oc3c(c(=O)c2c(O)c1C=CC(C)C)CC(C(C)(C)OO)Oc1cc(O)ccc1-3,1
CC(C)=CCCC(C)=CCc1c2c(c(O)c3c(=O)c(CC=C(C)C)c(-c4cc(O)c(O)cc4O)oc13)C=CC(C)(C)O2,1
C=C(C)C1Cc2c(oc3c(CC=C(C)CCC=C(C)C)c4c(c(O)c3c2=O)C=CC(C)(C)O4)-c2c(O)cc(O)c(O)c21,1
CCCCCCCCCCC(O)C1CCC(C2CCC(C(O)CCCCCCCCCCC(O)CC3=CC(C)OC3=O)O2)O1,1
OCC1=CC(O)C2C=COC(OC3OC(CO)C(O)C(O)C3O)C12,1
CC1(C)CCC2=C(O1)c1ccccc1C(=O)C2=O,1
COc1cc(C2c3cc4c(c(O)c3CC3COC(=O)C32)OCO4)cc(OC)c1OC,1
COC(=O)C12OCC34C(CC5C(C)=C(O)C(=O)CC5(C)C3C(O)C1O)OC(=O)C(OC(=O)C=C(C)C(C)C)C24,1
C=CC(C)=CCC1(C)C(C)CC(O)C23C(=CC(OC(=O)C(C)C)CC12)C(OC(C)=O)OC3OC(C)=O,1
C=CC(C)=CCC1(C)C(C)CC(O)C23C(=CC(OC(=O)C(C)CC)CC12)C(OC(C)=O)OC3OC(C)=O,1
C=CC(C)=CCC1(C)C(C)CCC23C(=CC(OC(=O)C(C)C)CC12)C(OC(C)=O)OC3OC(C)=O,1
CCCCSc1ccc(C)cc1,1
CCCCCCCCCCCCC(O)C1CCC(C(O)CC(O)CCCCCCCCCCCCC2=CC(C)OC2=O)O1,1
CCCCCCCCCCCCC(O)C1CCC(C(CC(O)CCCCCCCCCCCCC2=CC(C)OC2=O)OC(C)=O)O1,1
CCCCCCCCCCC(O)C1CCC(C(O)CCCCCC(O)CCCCCCCCCCC2=CC(C)OC2=O)O1,1
CCCCCCCCCC=CCCC(O)C1CCC(C(O)CCCCCCCCCC(O)CCC2=CC(C)OC2=O)O1,1
CCCCCCCCC(O)C1CCC(C2CCC(C(O)CCCCCCCCCCCC(O)CCC3=CC(C)OC3=O)O2)O1,1
CC=C(C)C(=O)c1c(OC)c2c(c3c(-c4ccccc4)cc(=O)oc13)OC(C)(C)C=C2,1
CC1C=CC=CC=CC=CC=CC=CC=CC(OC2OC(C)C(O)C(N)C2O)CC2OC(O)(CC(O)C(O)CCC(=O)CC(O)CC(O)CC(=O)OC(C)C(C)C1O)CC(O)C2C(=O)O,1
C=CC(C)=CCC1(C)C(C)CCC23C(=CC(OC(=O)c4ccc(O)cc4)CC12)C(OC(C)=O)OC3OC(C)=O,1
C=CC(C)=CCC1(C)C(C)CC(OC(=O)c2ccc(O)cc2)C23C(=CC(O)CC12)C(OC(C)=O)OC3OC(C)=O,1
C=CC(C)=CCC1(C)C(C)CC(O)C23C(=CC(OC(=O)c4ccc(O)cc4)CC12)C(OC(C)=O)OC3OC(C)=O,1
C=CC(C)=CCC1(C)C(C)CC(OC(=O)c2ccc(O)cc2)C23C(=CC(OC(C)=O)CC12)C(OC(C)=O)OC3OC(C)=O,1
CC(C)C1=CC2C3C(=O)C(c4ccc(O)cc4)=CC3(c3ccc(O)cc3)C1C(=O)C2(C)O,1
COC(C(=O)C(O)C(C)O)C1Cc2cc3cc(OC4CC(OC5CC(O)C(OC)C(C)O5)C(OC(C)=O)C(C)O4)c(C)c(O)c3c(O)c2C(=O)C1OC1CC(OC2CC(OC3CC(C)(O)C(OC(C)=O)C(C)O3)C(O)C(C)O2)C(O)C(C)O1,1
Cc1cn(C2CC(OP(=O)(O)OCC3OC(n4cnc5c(N)ncnc54)CC3OP(=O)(O)OC3OC(n4cnc5c(=O)nc(N)[nH]c54)CC3O)C(COP(=O)(O)OC3CC(n4cnc5c(N)ncnc54)OC3CO)O2)c(=O)[nH]c1=O.N.[NH2-].[NH2-].[Pt+2],1
C=C(C(=O)OC1CC(C)=CCCC(CO)=CC2OC(=O)C(=C)C21)C(O)CO,1
CC1OC(OC2CCC3(C=O)C4CCC5(C)C(C6=CC(=O)OC6)CCC5(O)C4CCC3(O)C2)C(O)C(O)C1O,1
CC1OC(OC2CCC3(CO)C4CCC5(C)C(C6=CC(=O)OC6)CCC5(O)C4CCC3(O)C2)C(O)C(O)C1O,1
CC1OC(OC2CCC3(C=O)C4CCC5(C)C(C6=CC(=O)OC6)CCC5(O)C4CCC3(O)C2)C(O)C(O)C1OC1OC(CO)C(O)C(O)C1O,1
Cn1c2c3ccccc3nc-2cc2ccccc21,1
CC(=O)OC(C)(C)C=CC(=O)C(C)(O)C1C(O)CC2(C)C3CC=C4C(C=C(O)C(=O)C4(C)C)C3(C)C(=O)CC12C,1
CC(C)(O)C=CC(=O)C(C)(O)C1C(O)CC2(C)C3CC=C4C(CC(O)C(O)C4(C)C)C3(C)C(=O)CC12C,1
CC(C)(O)C=CC(=O)C(C)(O)C1C(O)CC2(C)C3CC=C4C(C=C(O)C(=O)C4(C)C)C3(C)C(=O)CC12C,1
CC1(C)C(=O)C(O)=CC2C1=CCC1C2(C)C(=O)CC2(C)C(C(C)(O)C(=O)CC(O)C(C)(C)O)C(O)CC12C,1
Nc1ccn(C2OC(CO)C(O)C2O)c(=O)n1,1
C=C1C(=O)C23CC1CC(O)C2C1(C)CCC(OC(C)=O)C(C)(C)C1C(OC(C)=O)C3OC(C)=O,1
COc1cc2c(cc1OC)C1C(=O)c3ccc4c(c3OC1CO2)C=CC(C)(C)O4,1
CCCCCCCCCCC(O)C1CCC(C2CCC(C(O)CCCCCCCCCCCCC3=CC(C)OC3=O)O2)O1,1
CC1OC(OC2C(O)CC(OC3C(O)CC(OC4CCC5(C)C(CCC6C5CCC5(C)C(C7=CC(=O)OC7)CCC65O)C4)OC3C)OC2C)CC(O)C1O,1
CC12CCC(O)CC1CCC1C2CC(O)C2(C)C(C3=CC(=O)OC3)CCC12O,1
CC1=C(COC2OC(CO)C(O)C(O)C2O)C(=O)OC(C(CO)C2CCC3C4CC=C5CC=CC(=O)C5(C)C4CC(O)C23C)C1,1
Cc1c2ccncc2c(C)c2c1[nH]c1ccccc12,1
C=C1C(=O)C23C(O)CC4C(C)(C)CCCC4(C)C2CCC1C3O,1
C=C1C(=O)C23C(OC(C)=O)CC4C(C)(C)CCCC4(C)C2CCC1C3O,1
C=C1C(=O)C23CC1CCC2C1(C)CCCC(C)(C)C1CC3O,1
C=C1C(=O)C2=CC1CC(O)C(=O)C1(C)CCCC(C)(C)C1CC2O,1
C=C1C(=O)C2=CC1CC(O)C(=O)C1(C)CCCC(C)(C)C1CC2OC(C)=O,1
C=C1C(=O)C2=CC1CC(OC(C)=O)C(=O)C1(C)CCCC(C)(C)C1CC2O,1
C=C(C)C1Cc2cc3c(cc2O1)OCC1c2ccc(OC)c(OC)c2OC31,1
C#CC12OC1(C=O)C1C(O)CC3C(C)(C)CCCC3(C)C1CC2=O,1
CC1C(c2ccc3c(c2)OCO3)OC(c2ccc3c(c2)OCO3)C1C,1
CC(C)=CCc1c(O)c(CC=C(C)C)c2c(c1O)C(=O)Oc1c(cc(O)c(O)c1CC=C(C)C)O2,1
CC(C)=CCCC(C)=CCc1c(O)cc2c(c1O)C(=O)Oc1c(cc(O)c(O)c1CC=C(C)C)O2,1
C=C(C)CCC(CC1CC2(CC=C(C)C)C(=O)C(C(=O)c3ccc(O)c(O)c3)(C(=O)C(CC=C(C)C)=C2O)C1(C)C)C(=C)C,1
CC12CCC(O)CC1CCC1C2CCC2(C)C(C3=CC(=O)OC3)C(O)CC12O,1
CC1OC(OC2C(O)CC(OC3C(O)CC(OC4CCC5(C)C(CCC6C5CCC5(C)C(C7=CC(=O)OC7)C(O)CC65O)C4)OC3C)OC2C)CC(O)C1O,1
CC12CCC3C(CCC4(O)CC(OC5OC(CO)C(O)C(O)C5O)CCC34C=O)C1(O)CCC2C1=CC(=O)OC1,1
COc1ccc2c(c1)[nH]c1c(C)nccc12,1
CC1(C)CCC2(C(=O)O)CCC3(C)C(=CCC4C5(C)CCC(OC6OCC(O)C(O)C6O)C(C)(CO)C5CCC43C)C2C1,1
C=C1C(=O)OC2CC(C)C3C=CC(=O)C3(C)C(O)C12,1
CC(=O)C1C(O)CC2(C)C3CC=C4C(CC(O)C(=O)C4(C)C)C3(C)C(=O)CC12C,1
CNC1C(C)OC(OC2CCC3(C)C(CCC4C3CCC3(C)C(C(C)=O)CCC43O)C2)CC1OC,1
CC(=O)C1CCC2C3CC=C4CC(N)CCC4(C)C3CCC12C,1
COC1(CCC(C)CO)OC2CC3C4CC=C5CC(OC6OC(CO)C(O)C(OC7OC(CO)C(O)C(O)C7O)C6OC6OC(C)C(O)C(O)C6O)CCC5(C)C4CCC3(C)C2C1C,1
O=C(CCc1ccccc1)c1c(O)c(Cc2ccccc2O)c(O)c2c1Oc1ccccc1C2,1
CC1=C(O)C(=O)C=C2C1=CC=C1C2(C)CCC2(C)C3CC(CO)CCC3(C)CCC12C,1
COc1cc2c(cc1O)C(c1ccc(O)c(O)c1)C(CO)C(CO)C2,1
CC1C(=O)OC(C(O)C(C)(O)C2C(O)CC3C4CC5OC56C(O)C=CC(=O)C6(C)C4CCC32C)C1C,1
COC(=O)C12OCC34C(CC5C(C)C=C(OC6OC(CO)C(O)C(O)C6O)C(=O)C5(C)C3C(O)C1O)OC(=O)C(OC(=O)CC(C)C)C24,1
CCCCCCCCCCCCCCC(O)C1CCC(C(O)CCC(O)CCCCCCCC2=CC(C)OC2=O)O1,1
O=C1NC2C(=CC(O)C(O)C2O)c2cc3c(c(O)c21)OCO3,1
OC1C=C2CCN3Cc4cc5c(cc4C(C1O)C23)OCO5,1
C=C(C(=O)OC1CC2(C)C(O)CCC(CO)C2C2OC(=O)C(=C)C12)C(O)CO,1
COc1c(O)cc2oc3cc4c(c(O)c3c(=O)c2c1CC=C(C)C)C(O)C(C(C)(C)O)O4,1
COc1cc(CC2COC(=O)C2Cc2ccc(O)c(OC)c2)ccc1O,1
NC(Cc1ccc(N(CCCl)CCCl)cc1)C(=O)O,1
COc1cc(O)cc2ccc3cccc(O)c3c12,1
COc1ccc(C2COc3cc(O)ccc3C2)c(OC)c1O,1
CCCCCCC(O)C(O)CCC(O)C1CCC(CCCCC(O)CC2=CC(C)OC2=O)O1,1
CCCCCC(O)C(O)CCCCCCC(O)C1CCC(CCCCCCCCCCC(O)CC2=CC(C)OC2=O)O1,1
COc1ccc(-c2oc3c(OC)c(OC)c(OC)c(OC)c3c(=O)c2O)cc1OC,1
CC(C=C=C1C(C)(C)CC(O)CC1(C)O)=CC=CC(C)=CC=CC=C(C)C=CC=C(C)C=CC12OC1(C)CC(O)CC2(C)C,1
COC1C(O)C(C)OC(OC2CCC3(C)C(CCC4C3CCC3(C)C(C5=CC(=O)OC5)C(OC(C)=O)CC43O)C2)C1O,1
COC(=O)CC1C2(C)C3=C(C)C(c4ccoc4)CC3OC2C2OC(=O)C3(C)C=CC(=O)C1(C)C23,1
CC(Cc1ccc(O)c(O)c1)C(C)Cc1ccc(O)c(O)c1,1
COC1CC(OC2CCC3(C)C(CCC4C3CCC3(C)C(C5=CC(=O)OC5)CCC43O)C2)OC(C)C1O,1
COC1C(O)C(C)OC(OC2CCC3(C)C(CCC4C3CCC3(C)C(C5=CC(=O)OC5)CCC43O)C2)C1O,1
COC1CC(OC2CCC3(C)C(CCC4C3CCC3(C)C(C5=CC(=O)OC5)C(OC(C)=O)CC43O)C2)OC(C)C1O,1
COC1CC(OC2CCC3(C)C4CCC5(C)C(C6=CC(=O)OC6)CCC5(O)C4CCC3(O)C2)OC(C)C1O,1
S=C=NCCc1ccccc1,1
C=Cc1c(C)c2cc3nc(c4c5nc(cc6[nH]c(cc1[nH]2)c(C)c6CC)C(C)=C5C(=O)C4C(=O)OC)C(CCC(=O)O)C3C,1
CC1CCC2(OC1)OC1CC3C4CC=C5CC(OC6OC(CO)C(OC7OC(CO)C(O)C7O)C(O)C6OC6OC(C)C(O)C(O)C6O)CCC5(C)C4CCC3(C)C1C2C,1
COc1ccc(C23Oc4cc(OC)cc(OC)c4C(O)(C(C(=O)N4CCCC4OC)C2c2ccccc2)C3O)cc1,1
COC(=O)C1(C)CCC2(C)CCC3(C)C4=CC=C5C(=CC(=O)C(O)=C5C)C4(C)CCC3(C)C2C1,1
C=C1C(=O)C2=CC1CCC(=O)C1(C)CCCC(C)(C)C1CC2O,1
CC1=C2CCC3(C)C(CC=C4C5CC(C)(C)CCC5C(=O)C(O)C43C)C2(C)C=C(O)C1=O,1
CC1=C(O)C(=O)CC2(C)C1CCC1(C)C2CC=C2C3CC(C)(C)CCC3C(=O)C(O)C21C,1
CC1(C)COC2=C(C1)C(=O)C(=O)c1ccccc12,1
CC(=O)OC1C(O)C23CC(C)(O)C(CCC2C(C)(O)C2C4OC4C(C)(C)C12O)C3O,1
CCCCCCC(O)CCCC(O)C1CCC(C2CCC(C(O)CCCCC(O)CCCCCCCC3=CC(C)OC3=O)O2)O1,1
CC(C)c1cc2c(c(O)c1O)C13CCCC(C)(C)C1C(OC3=O)C2O,1
C=C(C)C1Cc2c(ccc3c2OC2COc4cc(OC)c(OC)cc4C2C3=O)O1,1
C[n+]1cc2c3c(ccc2c2ccc4cc5c(cc4c21)OCO5)OCO3,1
CC1CCC2(OC1)OC1CC3C4CCC5CC(O)CCC5(C)C4CCC3(C)C1C2C,1
CC(C)=CCCC(C)=CCc1c(O)cc(C=Cc2cc(O)c3c(c2)CC2C(C)(CC(O)C(O)C2(C)C)O3)cc1O,1
CC1C(=O)OC(C2OC34CC5C(CC=C6CC=CC(=O)C65C)C5(O)CC(O3)C(C45)C2(C)O)C1C,1
CCOC12CC3C(CC=C4C=CCC(=O)C43C)C3CC(OC=O)C(C31)C(C)(C1CC(C)C(C)C(=O)O1)O2,1
CCOC12CC3C(CC=C4CC=CC(=O)C43C)C3CC(OC=O)C(C31)C(C)(C1CC(C)C(C)C(=O)O1)O2,1
COC12CC3C(CC=C4CC=CC(=O)C43C)C3CC(OC=O)C(C31)C(C)(C1CC(C)C(C)C(=O)O1)O2,1
CC1C(=O)OC(C2OC34CC5C(CC6OC7CC(=O)C5(C)C6(O)C7=O)C5CC(O3)C(C54)C2(C)O)C1C,1
COc1c(O)c2c(c(O)c1C(C)C)C(C=O)=C1C(C)(C)CCCC12C,1
CC(C)C1=C(O)C2=C(C(=O)C1=O)C1(C)CCCC(C)(C)C1C2C=O,1
CCC(=C(c1ccccc1)c1ccc(OCCN(C)C)cc1)c1ccccc1,1
CC(=O)OC1C(OC(C)=O)C2(C)C(OC(=O)C(C)C)OCC3(C1O)C2CC(O)C1(C)C3C(=O)C(OC(C)=O)C2(C)C(c3ccoc3)CC3OC321,1
CC1CCC2(C(=O)O)CCC3(C)C(=CCC4C5(C)CCC(=O)C(C)(C)C5CCC43C)C2C1C,1
COc1cc(O)c(Cc2ccccc2O)c(O)c1C(=O)CCc1ccccc1,1
C=C1C(=O)C23CC1CC(OC(C)=O)C2C1(C)C(OC(C)=O)CC(O)C(C)(C)C1C(O)C3OC(C)=O,1
CC1=C(CO)C(=O)OC(C(C)C2CCC3C4CC5OC56C(O)C=CC(=O)C6(C)C4CCC23C)C1,1
C=C(C)CCC(CC12CC(CC=C(C)C)C(C)(C)C(CC=C(C)C)(C(=O)C(=C(O)c3ccc(O)c(O)c3)C1=O)C2=O)C(=C)C,1
C=C1C(=O)C23C4OC5OC2(O)C(O)C2C(C)(C)CCCC52C3CCC14,1
C=C1C(=O)C23C(O)C1CC(OC(C)=O)C2C12CCCC(C)(C)C1C(=O)C3(O)C2O,1
O=C1CNC(=O)C2CCCN2C(=O)C(Cc2ccccc2)NC(=O)C2CCCN2C(=O)CNC(=O)C(Cc2ccc(O)cc2)NC(=O)CN1,1
COc1cccc(OC)c1-c1cc(=O)c2c(OC)c(OC)ccc2o1,1
CCC12C=CCN3CCC4(C(=C(C(=O)OC)C1)Nc1cc(OC)ccc14)C32,1
CC(C)(O)C=CC(=O)C(C)(O)C1C(O)CC2(C)C3CC=C4C(CC(=O)C(O)C4(C)C)C3(C)C(=O)CC12C,1
COC1=c2c(c3c(OC)c(OC)c(OC)c4cc[nH]c2=c43)C=CC(=O)C1=O,1
Cc1cc(O)c(CC2C(C)(O)CCC3C(C)(C)CCCC32C)c(O)c1,1
Cc1cc2oc(=O)c3cc(O)c(O)cc3c2c(=O)o1,1
CC(C)CC1NC(=O)CNC(=O)C2CCCN2C(=O)C(Cc2ccc(O)cc2)NC(=O)C(Cc2ccccc2)NC(=O)CNC1=O,1
CC1=CCC(O)CC(=O)C23C(=O)NC(CC(C)C)C2C(C)C(C)=CC3C1,1
CC(C)=CCc1cc(C(=O)O)cc2c1OC(C(C)(C)O)C2O,1
CC(CCC1(O)OC2CC3C4CCC5CC(OC6OC(CO)C(OC7OC(CO)C(O)C(OC8OCC(O)C(O)C8O)C7OC7OC(CO)C(O)C(O)C7O)C(O)C6O)CCC5(C)C4CC(=O)C3(C)C2C1C)COC1OC(CO)C(O)C(O)C1O,1
CC1(C(=O)O)CCC2(C)CCC3(C)C4=C(CCC3(C)C2C1)C1(C)CCC(O)C(C)(C)C1CC4,1
COc1cc2oc3cc(O)c(CC=C(C)C)c(O)c3c(=O)c2c(CC=C(C)C)c1OC,1
CC1CC2(OC1=O)OC13OC4(CCC5(C)C(=O)C(C)C2C51)CC12OC(=O)CC1OC(C)(CO)C2CC1OC14C3=O,1
COC(=O)c1c2ccoc3c-2c2c1C1(O)CC4N(CC(C)C1=O)CC(CC3)C24C,1
COc1ccc(-c2oc3cc(O)c(OC)c(O)c3c(=O)c2OC)cc1O,1
CC(=O)OC1CC2OCC2(OC(C)=O)C2C(OC(C)=O)C3(C(C)(C)O)CC(OC(=O)C=Cc4ccccc4)C(C)=C3C(OC(=O)c3ccccc3)C(OC(C)=O)C12C,1
COc1cc2c3cc1Oc1cc(ccc1O)CC1c4c(cc(OC)c5c4Oc4ccc(cc4CO5)CC3N(C)CC2)CCN1C,1
C=C1C(=O)OC2C1C(OC(=O)C(C)=CCO)CC(O)(CCl)C1C(OC(C)=O)C3OC3(C)C21,1
COc1cc(O)cc2ccc3c(-c4c(O)cc(OC)c5c4ccc4cccc(O)c45)ccc(O)c3c12,1
CCCCCCCCCCCCCCCc1cc(O)cc(O)c1OC(C)=O,1
CCCCCCCCCCCCC(O)C1CCC(C(O)CCC(O)CCCCCCCC(O)CC2=CC(C)OC2=O)O1,1
CC1(C)C=Cc2c(ccc3[nH]c4cc(O)c(C=O)cc4c23)O1,1
COC1=CC2CCN3Cc4cc5c(cc4C(C1O)C23)OCO5,1
CC(=O)OC1C(OC2CC3C4CC=C5CC(OC6OC(CO)C(O)C(O)C6O)CCC5(C)C4CCC3(C)C2(O)C(C)C(=O)CCC(C)C)OCC(O)C1OC1OCC(O)C(O)C1O,1
CCCCCCCCCCCCC(O)C1CCC(C(O)CCCCC(O)CCCCCCCC2=CC(C)OC2=O)O1,1
CC1OC(OC2C(CO)OC(OC3CCC4(C)C(=CCC5C4CCC4(C)C5CC5OC6(CCC(COC7OC(CO)C(O)C(O)C7O)CO6)C(C)C54)C3)C(O)C2O)C(O)C(O)C1O,1
COc1ccc(C=CC(=O)c2ccc(OC)c3c2OC(C)(C)C=C3)cc1,1
C=C(C=O)C1CC(OC(=O)C=Cc2ccc(O)cc2)C2(O)COC(O)C12,1
CC(C)=CC1OC2CC3(C)C4CC=C5C(CCC(O)C5(C)C)C4(C)C(=O)CC3(C)C2C(C)(O)C1O,1
CCCCCCCCCCC(O)C1CCC(C(O)CCC(O)C2CCC(CCCCCCCC(O)CC3=CC(C)OC3=O)O2)O1,1
C=C1C(C(C)C2CC=C(C)C(=O)O2)=CCC2(C)C1CC1(O)C=C3C=CC(=O)OC(C)(C)C3CCC12,1
CC(=CCCC(C)=CCc1cc(O)cc(C)c1O)CCC=C(C)CCC(=O)C(C)(C)O,1
COC(=O)CC(O)(CCCC(C)(C)O)C(=O)OC1C(OC)=CC23CCCN2CCc2cc4c(cc2C13)OCO4,1
CC(=CC1CC(C)(O)C2C(CC3(C)C4CC=C5C(CCC(O)C5(C)C)C4(C)C(=O)CC23C)O1)CO,1
COC(=O)C12OCC34C(CC5C(C)=CC(OC6OC(CO)C(O)C(O)C6O)C(O)C5(C)C3C(O)C1O)OC(=O)C(OC(=O)C=C(C)C(C)(C)O)C24,1
CC(=O)OC1CC(C(C)C)C2(CO)CCC3(C)C4C(=CCC3(C)C12)C1(C)CCC(O)C(C)(C)C1CC4O,1
CC1=CC(=O)c2c(ccc(C3=C(C)C(=O)c4cccc(O)c4C3=O)c2O)C1=O,1
O=c1c2cc3c(cc2c2ccccc2n1CCc1ccccc1)OCO3,1
C=C1C(=O)OC2CC1(C)OCC2C1CCC2C3CC=C4CC=CC(=O)C4(C)C3CC(O)C12C,1
C=C1C(=O)C23C(O)CC4C(C)(C)CCCC4(C)C2C(O)CC1C3O,1
COc1cc2cc[nH]c3c4c(c(c1OC)c2=3)C=CC(=O)C(=O)C=4,1
CC(C)=CC1CC(C)(O)C2C(CC3(C)C4C(=O)C=C5C(CCC(O)C5(C)C)C4(C)C(=O)CC23C)O1,1
O=C1c2ccccc2C(=O)c2cc(CO)c(O)cc21,1
CC1=CCCC2C1(C)CCC(C)C2(C)CCC(C=O)=CC(=O)O,1
CCCCCCCC(O)C(O)CCCCC(O)C1CCC(CCCCCCCCCCCCC2=CC(C)OC2=O)O1,1
C=C1COC2(OC3CC4C5CC=C6CC(O)CC(OC7OCC(O)C(O)C7OC7OC(C)C(OC(C)=O)C(OC(C)=O)C7OC(C)=O)C6(C)C5CCC4(C)C3C2C)C(O)C1O,1
C=C1CCC2(OC1)OC1CC3C4CC=C5CC(OC6OC(CO)C(OC7OC(CO)C(O)C(O)C7O)C(O)C6OC6OC(C)C(O)C(O)C6O)C(O)C(O)C5(C)C4CCC3(C)C1C2C,1
COC(=O)CC(=O)OC1CCC2C(=CC(O)C3C2(C=O)CCC2(C)C(C(C)CC=CC(C)(C)OC)CCC32C)C1(C)C,1
COCc1c(OC2OC(CO)C(O)C(O)C2O)cc2c(c1OC)C(=O)c1ccccc1C2=O,1
CC(C)=CCc1c(O)cc2oc(-c3ccc(O)cc3O)c(CC=C(C)C)c(=O)c2c1O,1
O=C(C=CC=Cc1ccc2c(c1)OCO2)N1CCCCC1,1
COC1c2cc(C(C)C)c(O)c(O)c2C2(C)CCCC(C)(C)C2C1O,1
CC(C)=CCC(O)C1=CC(=O)c2c(O)ccc(O)c2C1=O,1
C=C1C(=O)C23CCC4C(C)(C)CCCC4(C)C2=CC(=O)C1C3,1
CC(C)CCC(=O)C(C)C1(O)C(OC2OCC(O)C(O)C2O)CC2C3CC=C4CC(OC5OC(CO)C(O)C(O)C5O)CCC4(C)C3CCC21C,1
COCc1c(OC2OC(COC3OCC(O)C(O)C3O)C(O)C(O)C2O)cc2c(c1OC)C(=O)c1ccccc1C2=O,1
CC1=CC(=O)C(O)C2(C)C1CC1OC(=O)C(O)C3(O)C(C)C(O)C(O)C2C13C,1
CC1CCC2(OC1)OC1CC3C4CC=C5CC(OC6OC(CO)C(O)C(OC7OC(C)C(O)C(O)C7O)C6O)CCC5(C)C4CCC3(C)C1C2C,1
C=C1C(=O)C2CC1CC1=C2C2(C)C(O)CCC(C)(C)C2CC1,1
C=C1C(=O)OC2CC3(C)C=CC(=O)C(C)=C3CC12,1
COC(=O)c1c(O)cc(C=Cc2ccc(O)c(O)c2)oc1=O,1
CC(=O)C1(O)C(C)=C(C)C(=O)C12CCC(CCCC(C)CCCC(C)CCCC(C)C)O2,1
COc1c(O)c(C=O)c2c(O)c(-c3c(C)cc4c(C(C)C)c(OC)c(O)c(C=O)c4c3O)c(C)cc2c1C(C)C,1
CC1N=CC23CCC4C(CCC5CC(N)CCC54C)C2CCC13,1
O=C(C=Cc1ccc(O)cc1)c1c(O)cc(O)c2c(C(=O)c3ccc(O)cc3O)c(-c3ccc(O)cc3)oc12,1
CC1=CC2OC(=O)C3(C)CCCC(C)(C1CC(=O)c1ccoc1)C23,1
COc1ccc(-c2oc3cc(OC)c(OC)c(O)c3c(=O)c2OC)cc1O,1
COC(=O)C12OCC34C(CC5C(C)C(O)C(OC6OC(CO)C(O)C(O)C6O)CC5(C)C3C(O)C1O)OC(=O)C(OC(=O)C=C(C)C)C24,1
CC1C=C(CC(O)CCCCCCCCCCC(O)C2CCC(=O)O2)C(=O)O1,1
CC(=O)C=C(O)C=Cc1ccc(O)c(O)c1,1
C=C1C(=O)OC2CC1(C)OCC2C1CCC2C3CC(O)C4(O)CC=CC(=O)C4(C)C3CCC12C,1
O=C1c2ccc3c(c2-c2c4c(cc5ccnc1c25)OCO4)OCO3,1
COC(=O)C1(C)CCC2(C)CCC3(C)C4=CC(=O)c5c(cc(O)c(O)c5C)C4(C)CCC3(C)C2C1,1
CCOC(=O)C=Cc1cc(O)c2c(c1)C(C(=O)OCC)C(c1ccc(O)c(O)c1)O2,1
CC1=CCCC2C1(C)C(OC(=O)c1cccnc1)C(OC(=O)c1ccccc1)C(C)(O)C2(C)C=CC1=CC(=O)OC1,1
COC1=C(C)C(=O)C(C)(C)C(=O)C1=C1C=Cc2ccccc2O1,1
CC(=O)OC(C)(C)CCC(=O)C(C)(O)C1C(O)CC2(C)C3CC=C4C(CC(O)C(=O)C4(C)C)C3(C)C(=O)CC12C,1
COC1=CC(=O)C(CCC(=O)c2ccc(OC)c(OC)c2)=C(OC)C1=O,1
CC(C)C1=CC(=O)C2=C(C(=O)CC3C(C)(C)CCCC23C)C1=O,1
CC1CCC2(OC1)OC1CC3C4CCC5CC(OC6OC(CO)C(OC7OC(CO)C(O)C(OC8OC(CO)C(O)C(O)C8O)C7OC7OC(CO)C(O)C(OC8OCC(O)C(O)C8O)C7O)C(O)C6O)CCC5(C)C4CC(=O)C3(C)C1C2C,1
Cc1coc2c1C(=O)C(=O)c1c-2ccc2c1CCC(O)C2(C)O,1
CC1=CCCC2C1(C)C(O)C(O)C(C)(O)C2(C)C=CC1=CC(=O)OC1,1
C=C1C(C(C)C2CC=C(C)C(=O)O2)=CCC2(C)C1CC1(O)C=C3C=CC(=O)OC(C)(C)C3C(O)CC12,1
CC=C(C)C(=O)OC1C(O)C2(CO)C(O)CC3(C)C(=CCC4C5(C)CCC(O)C(C)(C)C5CCC43C)C2CC1(C)C,1
CCCCCC=CCCC(O)C(O)CCCCC(O)C1CCC(CCCCCCCCCCCCC2=CC(C)OC2=O)O1,1
C=C1C(=O)C23C(O)CC4C(C)(COC(C)=O)CCC(O)C4(C)C2CCC1C3O,1
CC(C)(O)C=CC(=O)C(C)(O)C1C(O)CC2(C)C3CC=C4C(CC(O)C(=O)C4(C)C)C3(C)C(=O)CC12C,1
COc1ccc2cc1Oc1ccc(cc1)CC1c3c(cc(OC)c4c3Oc3cc5c(cc3O4)CCN(C)C5C2)CCN1C,1
CC(CCC1(O)OC2CC3C4CCC5CC(OC6OC(CO)C(OC7OC(CO)C(O)C(OC8OC(CO)C(O)C(O)C8O)C7OC7OC(CO)C(O)C(OC8OCC(O)C(O)C8O)C7O)C(O)C6O)CCC5(C)C4CCC3(C)C2C1C)COC1OC(CO)C(O)C(O)C1O,1
COc1c(O)c2c(c(O)c1C(C)C)C(O)(C=O)C1C(C)(C)CCCC21C,1
COc1c(CO)c(OC2OC(CO)C(O)C(O)C2O)cc2c1C(=O)c1ccccc1C2=O,1
C=C1C(=O)OC2CC1(C)OCC2C1CCC2C3CC4OC45CC=CC(=O)C5(C)C3CCC12C,1
CC(=O)OCC1C(OC(C)=O)CC(OC(C)=O)C2(C)C(OC(C)=O)C(O)C3=C(C)C(O)CC3(C(C)(C)O)C(O)C12,1
Cc1coc2c1C(=O)C(=O)c1c-2ccc2c1CCCC2(O)CO,1
CCCCCCCCCCCCCC1CC(O)CC2(CCC3(C=CC(=O)C=C3)O2)O1,1
CCCCCCCCCCCCCC1CC(O)CC2(CCC3(C=CC(=O)CC3O)O2)O1,1
C=C1C(O)C2(O)OCC34C(CC5C(C)=CC(=O)C(O)C5(C)C23)OC(=O)C(O)C14O,1
CC(=O)OC1CC(C(C)C)C2(CO)CCC3(C)C4C(=CCC3(C)C12)C1(C)C=CC(=O)C(C)(C)C1CC4O,1
C=C1C(=O)C23CC1CCC2C1(CCCC2(C)COC(OC)C21)COC3=O,1
O=C(OCC1(O)C(=O)C=CC(OC(=O)c2ccccc2)C1O)c1ccccc1,1
COC(=O)c1c2ccoc3c-2c2c1C1(O)CC4(OC)N(CC(C)C1=O)CC(CC3)C24C,1
C=C1C(=O)OC2CC1(C)C1C(=O)C3(O)OC14C(O)(CCC1C3C(O)C=C3CC=CC(=O)C31C)C(=O)OC24C,1
CC(C)C1CC(O)C2C1(C)CCC1(C)C3=CCC4C(C)(CCC(O)C4(C)C)C3=CCC21C,1
CCCC(=O)c1c(O)c(CC=C(C)C)c(O)c(Cc2c(O)c(C(C)=O)c(O)c(C)c2OC)c1O,1
C=C1C(C(C)C2CC=C(C)C(=O)O2)=CCC2(C)C1CC1(O)C=C3C=CC(=O)OC(C)(C)C3C(OC(C)=O)CC12,1
C=C1C(=O)C=CC2(C)CC3OC(=O)C(C)=C3CC12,1
C=C1C(=O)OC2C=C(C)CCC=C(C)CC(OC(=O)C(=CCO)CO)C12,1
COC(=O)C1(C)CCC2(C)CCC3(C)C4=C(O)C(=O)c5c(cc(O)c(O)c5C)C4(C)CCC3(C)C2C1,1
C=C1C2CC3(O)C=C4C=CC(=O)OC(C)(C)C4C(OC(C)=O)CC3C2(C)CCC1(O)C(C)C1CC=C(C)C(=O)O1,1
CC1=CC(=O)c2c(O)ccc(-c3ccc(O)c4c3C(=O)C(C)=CC4=O)c2C1=O,1
COc1c(-c2ccc(O)cc2)oc2cc(O)cc(OC)c2c1=O,1
C=C(C)C(=O)C1CC(C)(O)C2C(CC3(C)C4CC=C5C(CCC(O)C5(C)C)C4(C)C(=O)CC23C)O1,1
COC(=O)C1(C)CCCc2c1ccc1c2C(=O)C(=O)c2c(C)coc2-1,1
CC(=O)C=Cc1ccc(O)c(O)c1,1
COC1=CC(=O)c2c(ccc3cc(O)cc(-c4c(OC)cc(O)c5c4ccc4c(OC)c(O)ccc45)c23)C1=O,1
CC(C)=CCCC(C)=CCc1c(O)cc2c(c1O)C(=O)c1c(O)cc(C)cc1C2=O,1
CC(=O)OC1C=C(C(C)C2CC(C)=C(C)C(=O)O2)C2(C)CCC3C(CC(O)C4(Cl)CC=CC(=O)C34C)C12O,1
C=C1OC(=O)C(=CCCCCC=CCCCCCCCCC)C1O,1
CCCCCCCCCCC(O)C1CCC(C2CCC(C(O)CCCCCCCCC(O)CC3=CC(C)OC3=O)O2)O1,1
CC=C(C)C(=O)OC(CC=C(C)C)C1=CC(=O)c2c(O)ccc(O)c2C1=O,1
COc1ccc2cc1Oc1ccc(cc1)CC1c3c(cc4c(c3Oc3cc5c(cc3OC)CCNC5C2)OCO4)CCN1C,1
CC(C)=CCc1c(-c2ccc(O)cc2O)oc2cc(O)c(C=CC(C)C)c(O)c2c1=O,1
C=CC(=C)CCC1(C)C(C)CC(O)C23C(=CC(OC(=O)C=CC=CCCCCC)CC12)C(OC(C)=O)OC3OC(C)=O,1
Oc1ccc(C=Cc2cc(O)cc3c2C(c2cc(O)cc(O)c2)C(c2ccc(O)cc2)O3)cc1,0
COc1cc(C2Oc3cc(O)cc(O)c3C(=O)C2O)ccc1O,0
COc1cc(C2OCC3C(c4ccc(O)c(OC)c4)OCC23)ccc1O,0
CC(=O)OC1CC23CC24CCC(OC2OCC(O)C(O)C2O)C(C)(C)C4CC=C3C2(C)CC3OC4(O)C(OC(C)(C)C4O)C(C)C3C12C,0
CC1CCC2(OC1)OC1CC3C4CCC5CC(OC6OC(CO)C(O)C(O)C6O)CCC5(C)C4CCC3(C)C1C2C,0
CC1CCC2(OC1)OC1CC3C4CCC5=CC(=O)CCC5(C)C4CCC3(C)C1C2C,0
COc1cc(O)c(C)c2c1CCC(c1ccc(O)cc1)O2,0
COc1cc(O)c2c(c1)OC(c1ccccc1)C(O)C2=O,0
C=C(C)C(CC=C(C)C)Cc1c(O)cc(OC)c2c1OC(c1ccc(O)cc1OC)CC2=O,0
COc1cc(O)c2c(c1C=CC(C)=O)OC(c1ccccc1)CC2=O,0
COc1ccc(C2OC(c3ccc(O)c(O)c3)C(C)C2C)cc1O,0
Cc1cc2ccc(C)c(CCC(=O)C(C)C)c2cc1O,0
COc1ccc(-c2ccc3cccc4c3c2C(O)C(O)C4O)cc1,0
CC(=O)OC1CC2OCC2(OC(C)=O)C2C(OC(C)=O)C3(C(C)(C)O)CC(OC(=O)c4ccccc4)C(C)=C3C(OC(=O)c3ccccc3)C(OC(C)=O)C12C,0
COc1c(O)cc2oc3cc(O)c4c(c3c(=O)c2c1CC=C(C)C)OC(C)(C)C(O)C4,0
COc1cc2c(cc1OC)C1(O)C(=O)c3c(O)cc4c(c3OC1CO2)C=CC(C)(C)O4,0
CC(C)(O)C1OC23OC1CC(CO)C2C1(C)C(O)CC24CC25CCC(OC2OCC(O)C(O)C2O)C(C)(C)C5CCC4C1(C)C3O,0
CC1CC2OC3(OC2C(C)(C)O)C(O)C2(C)C4CCC5C(C)(C)C(OC6OCC(O)C(O)C6O)CCC56CC46CC(O)C2(C)C13,0
COc1c(C(C)C)cc2c(c1O)C1(C(=O)O)CCCC(C)(C)C1CC2,0
CC1(C(=O)O)CCC2(C)CCC3(C)C(=CC(=O)C4C5(C)CCC(O)C(C)(C)C5CCC43C)C2C1,0
C=C(C)C(=O)OC1CCC23COC(OC)(C(=O)OC)C2C2(C)C(OC4(C)C5CC(OC6OC=CC65O)C42O)C2OCC1(C)C23,0
COc1c(CC=C(C)C)c(O)cc2c1C1Oc3c(ccc(O)c3CC=C(C)C)C1CO2,0
O=C1OC(=O)c2c(-c3ccc(O)cc3)ccc3cccc1c23,0
CC1C(=O)OC2(OC3CC4C5CC6OC67C(O)CCC(=O)C7(C)C5CCC4(C)C3C(C)(O)C2O)C1C,0
CC1=C(CO)C(=O)OC(C(C)C2CCC3C4CC5OC56C(O)CCC(=O)C6(C)C4CCC23C)C1,0
O=C(CCc1ccc(O)cc1O)c1ccc(O)cc1,0
COc1ccccc1C=CC(=O)c1ccc(O)cc1O,0
O=C(CCc1ccccc1)c1ccc(O)cc1O,0
COc1c(C)c(O)c(C)c(O)c1C(=O)C=Cc1ccccc1,0
O=C1CC(c2c(O)cccc2O)Oc2cc(O)cc(O)c21,0
O=c1cc(-c2c(O)cccc2O)oc2cc(O)cc(O)c12,0
COc1c(OC)c(O)c2c(=O)cc(-c3ccccc3O)oc2c1OC,0
CC(C)C(C)C(O)C(O)C(C)C1CCC2C3COC(=O)C4CC(O)C(O)CC4(C)C3CCC12C,0
COC(C)(C)C1OC23OC1CC(C)C2C1(C)CCC24CC25CCC(OC2OCC(O)C(O)C2O)C(C)(C)C5CCC4C1(C)C3O,0
CC1CC2(OCC3(C)OC32)OC2CC3(C)C4CCC5C(C)(C)C(OC6OCC(O)C(O)C6O)CCC56CC46CCC3(C)C12,0
CCC(C(C)C)C(O)C(O)C(C)C1CCC2C3CC(=O)C4CC(O)C(O)CC4(C)C3CCC12C,0
COc1cc(-c2oc3cc(O)cc(O)c3c(=O)c2OC)ccc1O,0
CC1=C(C)C(c2ccc(O)cc2)OC1c1ccc(O)cc1,0
COc1cc(O)cc(C=Cc2ccc(O)cc2)c1,0
O=C1c2c(O)cc(O)cc2OC(c2ccccc2)C1O,0
COC(=O)C=CC1CCC2(C)CCC(OC(C)=O)C(C)(O)C2C1,0
Cc1cc2c(cc1O)C1(C)CCC(O)C(C)(C)C1=CC2=O,0
Cc1cc2c(cc1O)C1(C)CCC(O)C(C)(C)C1C=C2,0
C=C1C(=O)OC2C1C(OC(=O)C(C)C)CC1(C)C(O)CC(OC(C)=O)C(=C)C21,0
CC1(C)CCC2(C(=O)O)CCC3(C)C(=CCC4C5(C)CCC(OC(=O)C=Cc6ccc(O)c(O)c6)C(C)(C)C5CCC43C)C2C1,0
C=C(C)C1CCC2(C(=O)O)CCC3(C)C(CCC4C5(C)CCC(OC(C)=O)C(C)(C)C5CCC43C)C12,0
COc1ccc(C=O)c(OC)c1O,0
CC(=O)NC1C(OC2CCC3(C)C(CCC4(C)C3CC=C3C5CC(C)(C)C(OC(=O)C=Cc6ccccc6)CC5(C(=O)O)C(O)CC34C)C2(C)C)OC(COC2OCC(O)C(O)C2OC2OCC(O)C(O)C2O)C(O)C1O,0
COc1cc(O)c2c(c1)OC(c1ccc(O)c(O)c1)C(OC(C)=O)C2=O,0
COc1c(-c2ccc(O)c(O)c2)oc2cc(O)cc(O)c2c1=O,0
COc1ccc(C2COc3cc(O)ccc3C2=O)c(OC)c1OC,0
COc1cc(O)cc2c1OCC(Cc1ccc(O)cc1)C2,0
C=CCC#CC#CC(O)C=CCCCCCC=C,0
COc1cc(O)cc(OC)c1CCC(=O)c1ccc(O)cc1,0
CC(C(=O)c1ccc(O)cc1)=C(C)C(=O)c1ccc(O)cc1,0
COc1cc2c(=O)oc3c(OC4OC(C)C(O)C(OC(C)=O)C4OC(C)=O)c(OC)cc4c(=O)oc(c1O)c2c34,0
C=C1C(=O)OC2C1C(OC(=O)C(C)C)CC(C)(O)C1CC(=O)C(C)(O)C21,0
CC1CC(C(C)(O)C2CCC3C4C(O)C=C5C(O)C=CC(=O)C5(C)C4CCC32C)OC(=O)C1C,0
O=c1cc(-c2ccc(Br)cc2)oc2ccccc12,0
COc1c(O)cc(O)c2c(=O)cc(-c3ccc(O)cc3)oc12,0
COc1ccc(C(=O)CCc2c(OC)cc(O)cc2OC)cc1,0
CC(=O)c1ccc(OC2OC(COC3OCC(O)(CO)C3O)C(O)C(O)C2O)cc1,0
COc1cc(C=Cc2ccccc2)oc(=O)c1,0
COc1cc2c(cc1OC)C(=O)CC2,0
COc1cc(OC)c2c(c1)OC(c1ccc(O)c(OC)c1)C(O)C2,0
COc1c(O)cc2c(c1O)C(=O)C(Cc1ccc(O)cc1)CO2,0
O=C1c2c(O)cc(O)cc2OCC1Cc1ccc(O)cc1,0
O=C1CC(c2ccccc2)Oc2cc(O)cc(O)c21,0
CC(=O)CC1C(=O)C(CO)=CCC(C)(CCC=C(C)C)C1C=COC(=O)C=C(C)C,0
O=c1[nH]cc(F)c(=O)[nH]1,0
COC1=CC=C2C(=O)C3=C(C)C=CNC3=C2C1=O,0
COC1=CC(=O)C(c2coc3cc(O)cc(O)c3c2=O)=CC1=O,0
COc1c2ccoc2cc2oc(=O)ccc12,0
COc1cc(C=C2Oc3cc(O)ccc3C2=O)ccc1O,0
COc1cc2c(cc1OC)-c1c(oc3c4c(cc(O)c3c1=O)OC(C)(C)C=C4)C(O)O2,0
Cc1c(O)ccc2c1OC(c1ccc(O)cc1)CC2,0
Oc1ccc(C2CCc3ccc(O)cc3O2)cc1,0
Oc1ccc(CC2=Cc3ccc(O)cc3OC2)cc1,0
Oc1ccc(CC2COc3cc(O)ccc3C2)cc1,0
COc1cc2cc(Cc3ccc(O)cc3)c(=O)oc2cc1O,0
O=C1CC(c2ccccc2)Oc2cc(O)ccc21,0
CC(=O)OC1CC23CC24CCC(OC2OCC(O)C(O)C2O)C(C)(C)C4CCC3C2(C)CC3OC4(CC(C)C3C12C)OC(O)C1(C)OC41,0
COc1cc(CC2COC(c3ccc(O)c(OC)c3)C2COC(=O)c2ccc(O)cc2)ccc1O,0
O=c1cc(-c2ccc(O)cc2)oc2cc(O)c(-c3c(O)cc(O)c4c(=O)cc(-c5ccc(O)cc5)oc34)c(O)c12,0
CC1=CC(=O)OC1C1(C)CC2OC(=O)CC3C(C)C(O)C4(O)OCC23C14,0
CC(C)=CCCC(C)c1ccc(C)cc1,0
CC1=CCCC(C)=CCC(C)(C)C=CC1,0
CC(=O)OC(CC(C)C1C(=O)C(O)C2(C)C3CCC4C(C)(C)C(OC5OCC(O)C(O)C5O)CCC45CC35CCC12C)C1OC1(C)C,0
O=c1cc(-c2ccccc2)oc2c1ccc1ccccc12,0
CC1=CCC2CC1C2(C)C,0
CC1=CCC(C(C)(C)O)CC1,0
COc1cc2c(cc1OC)C1C(=O)c3c(O)cc4c(c3OC1CO2)C=CC(C)(C)O4,0
N#CC(OC1OC(COC2OC(CO)C(O)C(O)C2O)C(O)C(O)C1O)c1ccccc1,0
CC(C)=CCc1c2c(c3oc4c(O)cccc4c(=O)c3c1O)C=CC(C)(C)O2,0
CCCC(O)C(O)CCCCCCCCC(O)C1CCC(CCCCCCCCCCC(O)CC2=CC(C)OC2=O)O1,0
O=C(C=Cc1ccc(O)c(O)c1)OCC1OC(Oc2cc(O)c3cc(OC4OC(CO)C(O)C(O)C4OC4OC(CO)C(O)C(O)C4OC(=O)C=Cc4ccc(O)c(O)c4)c(-c4cc(O)c(O)c(OC5OC(C(=O)O)C(O)C(O)C5O)c4)[o+]c3c2)C(O)C(O)C1O,0
O=C(O)CC(=O)OCC1OC(Oc2cc3c(O)cc(OC4OC(COC(=O)C=Cc5ccc(O)c(O)c5)C(O)C(O)C4O)cc3[o+]c2-c2cc(O)c(O)c(OC3OC(C(=O)O)C(O)C(O)C3O)c2)C(OC2OC(CO)C(O)C(O)C2OC(=O)C=Cc2ccc(O)c(O)c2)C(O)C1O,0
O=c1cc(-c2ccc(O)cc2)oc2cc(OC3OC(CO)C(O)C(O)C3O)cc(O)c12,0
COc1ccc(CC2COC(=O)C2Cc2ccc(OC3OC(CO)C(O)C(O)C3O)c(OC)c2)cc1OC,0
COc1cc2oc(-c3ccc(O)cc3O)c(CC=C(C)C)c(=O)c2c(O)c1C=CC(C)C,0
CC1(C)Oc2c(O)cc(O)c3c2C1Cc1c-3oc2cc(O)cc(O)c2c1=O,0
CC(C)=CCCC(C)=CCc1c2c(c(O)c3c(=O)c4c(oc13)-c1c(O)cc(O)c3c1C(C4)C(C)(C)O3)C=CC(C)(C)O2,0
O=C1OC(C(O)CO)C(O)=C1O,0
CC(C)=CCCC(C)=CCOc1ccc2ccc(=O)oc2c1,0
O=C(O)C1OC(Oc2cc3oc(-c4ccccc4)cc(=O)c3c(O)c2O)C(O)C(O)C1O,0
COc1cc(C2Oc3c(OC)cc(C=CC=O)cc3C2CO)ccc1O,0
C=C(C)C(O)C(O)CC(C)C1CCC2(C)C3C(O)C=C4C(CCC(O)C4(C)CO)C3(C)CCC12C,0
CC(C)=CC(O)CC(C)C1CCC2(C)C3C(O)C=C4C(CCC(O)C4(C)CO)C3(C)CCC12C,0
COC1C=C2C(CCC(O)C2(C)CO)C2(C)CCC3(C)C(C(C)CC(O)C=C(C)C)CCC3(C)C12,0
CC(C)=CC(=O)CC(C)C1CCC2(C)C3C(=O)C=C4C(CCC(O)C4(C)CO)C3(C)CCC12C,0
CC(=O)CC(C)C1CCC2(C)C3C(=O)C=C4C(CCC(O)C4(C)CO)C3(C)CCC12C,0
CC(C)=CC(O)CC(C)C1CCC2(C)C3C(=O)C=C4C(CCC(O)C4(C)C)C3(C)CCC12C,0
COC(C)(C)C=CCC(C)C1CCC2(C)C3C(OC4OC(CO)C(O)C(O)C4O)C=C4C(CCC(O)C4(C)C)C3(C)CCC12C,0
O=Cc1ccccc1,0
COc1ccc2cc3[n+](cc2c1OC)CCc1cc2c(cc1-3)OCO2,0
COc1c(O)cc2c(c1O)C1OC(CO)C(O)C(O)C1OC2=O,0
C=C1CCC2OC2(C)CCC2C1CC2(C)C,0
O=C(O)C1=CC(=CC=[N+]2c3cc(O)c(OC4OC(CO)C(O)C(O)C4O)cc3CC2C(=O)[O-])CC(C(=O)O)N1,0
O=C1c2c(O)cc(O)cc2OC(c2ccc(O)c(O)c2)C1OC1OC(CO)C(O)C(O)C1O,0
COc1ccc(-c2coc3cc(O)cc(O)c3c2=O)cc1,0
CC(C)=CCCC(C)=C1CC=C(C)CC1,0
COc1cc2c(cc1OC)C13CCN4CC5=CCOC6CC(=O)N2C1C6C5CC43,0
COc1cc2c(cc1OC)C13CC[N+]4([O-])CC5=CCOC6CC(=O)N2C1C6C5CC34,0
COC(=O)C1=C2CCC(C)(O)C2C(OC2OC(COC(=O)C=Cc3ccc(O)cc3)C(O)C(O)C2O)OC1OC,0
C=C1CCC=C(C)C(=O)C(OC(C)=O)C2C1CC2(C)C,0
C=C1CCC=C(C)C(=O)C(O)C2C1CC2(C)C,0
C=C1CCC=C(C)C(=O)CC2C1CC2(C)C,0
COc1ccc(O)cc1C(C)(C)C,0
CC(C)(O)C1CCC(C)(C2CCC3(C)C2CCC2C4(C)CCC(O)C(C)(C)C4CCC23C)O1,0
CC1(C2CCC3(C)C2CCC2C4(C)CCC(O)C(C)(C)C4CCC23C)CCC(=O)O1,0
CC1(C2CCC3(C)C2CCC2C4(C)CCC(=O)C(C)(C)C4CCC23C)CCC(=O)O1,0
O=C(O)C=Cc1ccc(O)c(O)c1,0
COc1cc(O)c2c(c1)OCC(c1ccc(O)cc1OC)C2=O,0
CC(C)=CCc1c2c(c(O)c3c(-c4ccccc4)cc(=O)oc13)C(=O)C(C)C(C)O2,0
O=C(C=Cc1ccc(O)c(O)c1)OCC1OC(OCCc2ccc(O)c(O)c2)C(O)C(O)C1O,0
C=C1C2CCC(C2)C1(C)C,0
CC12CCC(CC1=O)C2(C)C,0
COc1ccc(C=CCc2ccc(O)c(OC)c2OC)cc1O,0
COc1ccccc1C=CCC1(O)C=CC(=O)CC1,0
COC1CC(=O)CCC1(O)CC=Cc1ccccc1,0
COc1cc(CNC(=O)CCCCC=CC(C)C)ccc1O,0
Cc1ccc(C(C)C)cc1O,0
C=C(C)C1CC=C(C)C(OC(C)=O)C1,0
Oc1cc(O)c2c(c1)OC(c1ccc(O)c(O)c1)C(O)C2,0
CC1=CC(=O)OC1C1(C)CC2OC(=O)C(O)C3C(C)C(O)C4(O)OCC23C14,0
CC(=O)OC1C=C(C)C2CC3OC(=O)CC4C(C)C(OC(C)=O)C5(O)OCC34C5C2(C)C1OC(C)=O,0
O=C(O)CC1C(=O)OC2C(COC(=O)c3cc(O)c(O)c(O)c3)OC(OC(=O)c3cc(O)c(O)c(O)c3)C(OC(=O)c3cc(O)c(O)c4c3C1C(O)C(=O)O4)C2OC(=O)c1cc(O)c(O)c(O)c1,0
O=C(C=Cc1ccc(O)c(O)c1)OC1CC(O)(C(=O)O)CC(O)C1O,0
CCN(CC)CCCC(C)Nc1ccnc2cc(Cl)ccc12,0
COc1cc(-c2cc(=O)c3c(O)cc(O)cc3o2)ccc1O,0
CC(=O)OC1CC23CC24CCC(OC2OCC(O)C(O)C2O)C(C)(C)C4CCC3C2(C)CC3OC4(O)C(OC(C)(C)C4O)C(C)C3C12C,0
CC12CCC(CC1)C(C)(C)O2,0
OCC=Cc1ccccc1,0
CC(=CCNc1ncnc2nc[nH]c12)CO,0
CC(C)=CCCC(C)CC=O,0
CC(C)=CCCC(C)CCO,0
CCC(=O)OCCC(C)CCC=C(C)C,0
COc1cc2c(cc1OC)C1C(C)c3ccc(OC)c(OC)c3CN1CC2,0
CC(CC=CC(C)(C)O)C1CCC2(C)C3C(O)C=C4C(CCC(O)C4(C)C)C3(C)CC(O)C12C,0
COc1cc2c3c(c1OC)Oc1ccc(cc1)CC1c4c(cc(OC)c(OC)c4Oc4ccc(cc4)CC3N(C)CC2)CCN1C,0
CC(C)=CCCC(C)=CCCC(C)=CCCC1(C)CCc2c(C)c(O)c(C)c(C)c2O1,0
CC(C)=CCCC(C)=CCCC(C)=CCCC1(C)CCc2cc(O)cc(C)c2O1,0
C=C1C(=O)OC2C1CCC(=C)C1CCC(=C)C12,0
C=C(CCC(C(=O)O)C1CCC2(C)C3=CCC4C(C)(CCC(O)C4(C)C)C3=CCC12C)C(C)C,0
CC1=C(CCC2=CCOC2=O)C2(C)CCC(O)C(C)(CO)C2CC1,0
CC(C)=CCc1c(O)cc(O)c(C(=O)C=Cc2ccc(O)cc2)c1O,0
C=CCSSSCC=C,0
C=CCSSCC=C,0
C=CCSCC=C,0
COc1ccc(CC2COC(=O)C2Cc2cc(OC)c(O)c(-c3cc(CC4C(=O)OCC4Cc4ccc(OC)c(OC)c4)cc(OC)c3O)c2)cc1OC,0
COC1=CC(=O)OC(CCc2ccccc2)C1,0
CC1CCC2(OC1)OC1CC3C4CC=C5CC(O)CCC5(C)C4CCC3(C)C1C2C,0
COc1ccc(-c2cc(=O)c3c(O)cc(OC4OC(COC5OC(C)C(O)C(O)C5O)C(O)C(O)C4O)cc3o2)cc1O,0
Cc1c(C)c2c(c(C)c1O)CCC(C)(CCCC(C)CCCC(C)CCCC(C)C)O2,0
C=C(C)C1CC=C(C)CC1,0
COc1ccc(C2COc3c(ccc(O)c3OC)C2)c(OC)c1O,0
COc1cc(O)cc(C(O)C2COC(c3ccc(O)c(OC)c3)C2CO)c1,0
C=C(C)C1Cc2cc3c(cc2O1)OCC1c2cc4c(cc2OC31)OCO4,0
CC1OC(OCC2OC(Oc3cc(O)c4c(c3)OC(c3ccc(O)c(O)c3)CC4=O)C(O)C(O)C2O)C(O)C(O)C1O,0
CC=C(C)C(=O)OC1c2cc(OC)c(OC)c(OC)c2C(c2ccc3c(c2)OCO3)C2(O)C(=O)OCC12O,0
CC(C)=CCc1cc(O)cc2c1C1COc3c(ccc(O)c3CC=C(C)C)C1O2,0
CC(C)=CCc1cc2c(cc1O)OC1c3ccc(O)c(CC=C(C)C)c3OCC21,0
CC(C)=CCc1cc2c(cc1O)OCC1c3ccc(O)c(CC=C(C)C)c3OC21,0
COc1cc(CC(C)C(C)Cc2ccc3c(c2)OCO3)ccc1O,0
C=CCc1ccc(O)c(OC)c1,0
O=c1c2cc(O)ccc2oc2cccc(O)c12,0
CC(=CCOc1ccc2ccc(=O)oc2c1)CCC1C2(C)CCC(O2)C1(C)C,0
CC12CCC(C1)C(C)(C)C2=O,0
COc1cc(C=CC(=O)O)ccc1O,0
O=c1c(O)c(-c2ccc(O)c(O)c2)oc2cc(O)ccc12,0
CC(C)=CCc1cc2c(cc1O)OCC1c3ccc4c(c3OC21)C=CC(C)(C)O4,0
CC1OC(OCC2OC(OCCc3ccc(O)c(O)c3)C(O)C(O)C2OC(=O)C=Cc2ccc(O)c(O)c2)C(O)C(O)C1O,0
CC1C(=O)CCC2C1(C)CCC1C2(C)CCC2(C)C3CC(C)(C)CCC3(C)CCC12C,0
Cc1cc(O)c(C=O)c2c1C(=O)Oc1c(COC(=O)C=CC(=O)O)c(O)c(C(=O)O)c(C)c1O2,0
COC(=O)c1c(O)c2ccccc2c2occc12,0
O=c1c(O)c(-c2ccccc2)oc2cc(O)cc(O)c12,0
COc1ccc(C2OC(c3ccc(OC)c(OC)c3)C(C)C2C)cc1OC,0
O=C(O)c1cc(O)c(O)c(O)c1,0
Cc1c(O)cc2c(c1C)OC(C)(CCCC(C)CCCC(C)CCCC(C)C)CC2,0
COC(=O)C1=COC(OC2OC(CO)C(O)C(O)C2O)C2C(CO)=CCC12,0
CC(C)=CCCC(C)=CC(=O)O,0
CC(C)=CCCC(C)=CCO,0
CC(=O)OCC=C(C)CCC=C(C)C,0
CC(=O)CCC=C(C)CCC=C(C)C,0
CCCC(=O)OCC=C(C)CCC=C(C)C,0
CC(C)=CCCC(C)(OC1OC(COC2OC(CO)C(O)C(O)C2O)C(O)C(O)C1O)C1CCC2(C)C1C(O)CC1C3(C)CCC(OC4OC(CO)C(O)C(O)C4OC4OC(CO)C(O)C(O)C4O)C(C)(C)C3CCC12C,0
CC(C)=CCCC(C)(OC1OC(CO)C(O)C(O)C1O)C1CCC2(C)C1C(O)CC1C3(C)CCC(O)C(C)(C)C3C(OC3OC(CO)C(O)C(O)C3OC3OC(C)C(O)C(O)C3O)CC12C,0
CC(C)=CCCC(C)(O)C1CCC2(C)C1C(O)CC1C3(C)CCC(OC4OC(CO)C(O)C(O)C4OC4OC(CO)C(O)C(O)C4O)C(C)(C)C3CCC12C,0
CC(C)=CCCC(C)(O)C1CCC2(C)C1C(O)CC1C3(C)CCC(O)C(C)(C)C3C(OC3OC(CO)C(O)C(O)C3O)CC12C,0
CC1(C)C=Cc2c(ccc3c2OCC(c2ccc(O)cc2O)C3)O1,0
CC1=CC(O)C(O)C2(C)C1CC1OC(=O)C(O)C3C(C)C(O)C4(O)OCC13C42,0
COc1cc2c(=O)c(-c3ccc(O)cc3)coc2cc1O,0
COc1cc2c(=O)c(-c3ccc(O)cc3)coc2cc1OC1OC(CO)C(O)C(O)C1O,0
CC1(C(=O)O)CCC2(C)CCC3(C)C(=CC(=O)C4C5(C)CCC(OC6OC(C(=O)O)C(O)C(O)C6OC6OC(C(=O)O)C(O)C(O)C6O)C(C)(C)C5CCC43C)C2C1,0
COc1cc(C(O)C(O)CO)ccc1O,0
CC(=O)OC1CC(C)(C2OC(=O)CC2CO)C2=CC(=O)OC3CC4C(C)(O)C=CC(=O)C4(C)C1C23C,0
COc1ccc2c(c1)=NC1=C(C)NCCC=21,0
CC1=c2[nH]c3c(c2CCN1)C=CC(=O)C=3,0
Cc1[nH]ccc2c1[nH]c1cc(=O)ccc12,0
COc1ccc(C2CC(=O)c3c(O)cc(O)cc3O2)cc1O,0
C=CCc1ccc(O)c(-c2ccc(O)c(CC=C)c2)c1,0
O=C1C(O)=Cc2cccc3ccc(-c4ccc(O)cc4)c1c23,0
C=C(C(=O)O)C1CCC2(C)CCCC(C)(O)C2C1,0
OCc1c[nH]c2ccccc12,0
O=Cc1c[nH]c2ccccc12,0
CC1Oc2c3c(c4c(-c5ccccc5)cc(=O)oc4c2C(=O)C1C)OC(C)(C)C=C3,0
C=C1c2cc(O)c(C)cc2C(C(C)C)CC1O,0
C=C1C(=O)OC2CC(=C)C3CCC(C)(O)C3CC12,0
CCOC1OC(COC(=O)C=Cc2ccc(O)c(O)c2)C(O)C(OC2OC(C)C(O)C(O)C2O)C1(O)c1ccc(O)c(O)c1,0
O=C1CC(c2ccc(O)cc2)Oc2c(O)c(O)cc(O)c21,0
COC1=C2c3cc4c(cc3CCN3CCCC23CC1O)OCO4,0
C=C1C(=O)OC2C=C(C)CCCC(C)CCC12,0
COc1cc(C2c3cc(O)c(OC)cc3CC(C)C2C)ccc1O,0
O=C(C=Cc1ccc(O)cc1)c1ccc(O)cc1O,0
COc1ccc(C=CC(=O)OCC2OC(OCCc3ccc(O)c(OC)c3)C(O)C(OC3OC(C)C(O)C(O)C3O)C2O)cc1O,0
COc1ccc(CC=Cc2ccccc2)c(OC)c1O,0
O=c1ccc2ccc3ccoc3c2o1,0
O=c1ccc2ccc3occc3c2o1,0
CC1OC(OCC2OC(Oc3cc(O)c4c(=O)cc(-c5ccc(O)cc5)oc4c3)C(O)C(O)C2O)C(O)C(O)C1O,0
O=c1cc(-c2ccc(O)cc2)oc2cc(O)c(O)c(O)c12,0
O=C1CC=C2C3CC4N(CCC45c4ccccc4N1C25)CC3=CCO,0
COc1ccc2cc1Oc1ccc(cc1)CC1c3cc(c(OC)cc3CCN1C)Oc1c(OC)c(OC)cc3c1C(C2)N(C)CC3,0
COC(=O)CC1(O)C=CC(=O)C=C1,0
COC(=O)C12OCC34C(CC5C(C)C(O)C(O)CC5(C)C3C(O)C1O)OC(=O)C(OC(=O)C=C(C)C)C24,0
COC(=O)C12OCC34C(CC5=C(C)C(=O)C(OC6OC(CO)C(O)C(O)C6O)=CC5(C)C3C(O)C1O)OC(=O)C(OC(=O)C=C(C)C)C24,0
CCC(=CC(=O)OC1C(=O)OC2CC3C(C)C(=O)C(OC4OC(CO)C(O)C(O)C4O)=CC3(C)C3C(O)C(O)C4(C(=O)OC)OCC23C14)C(C)(C)O,0
COC(=O)C12OCC34C(CC5C(C)C(=O)C(OC6OC(CO)C(O)C(O)C6O)=CC5(C)C3C(O)C1O)OC(=O)C(OC(=O)CC(C)C(C)(C)OC(C)=O)C24,0
CCC(C)=CC(=O)OC1C(=O)OC2CC3C(C)C(=O)C(OC4OC(CO)C(O)C(O)C4O)=CC3(C)C3C(O)C(O)C4(C(=O)OC)OCC23C14,0
O=C(CC(CO)C(=O)c1ccc2c(c1)OCO2)c1ccc2c(c1)OCO2,0
O=c1c(O)c(-c2ccc(O)cc2)oc2cc(O)cc(O)c12,0
O=c1c(OC2OC(CO)C(O)C(O)C2O)c(-c2ccc(O)cc2)oc2cccc(O)c12,0
O=C1c2c(O)cc(OC3OC(CO)C(O)C(O)C3O)cc2OC(c2ccc(O)cc2)C1O,0
COC1=CC(=O)OC(C=Cc2ccccc2)C1,0
CC=C(C)C(=O)OC1CC(C)(C)CC2C3=CCC4C5(C)CCC(=O)C(C)(C)C5CCC4(C)C3(C)CCC12C(=O)O,0
COc1cc(CC2COC(c3ccc(O)c(OC)c3)C2CO)ccc1O,0
C=C(C)C(CC=C(C)C)Cc1c(O)cc(O)c2c1OC(c1ccc(O)cc1OC)CC2=O,0
CC(C)=CCc1cc(C2CC(=O)c3c(O)cc(O)c(CC=C(C)C)c3O2)ccc1O,0
C=CC(C)(C)c1cc(C=CC(=O)c2ccc(O)cc2)c(OC)cc1O,0
CC1(C)OC2CC(=O)OCC23C1CC(=O)C1(C)C3CCC2(C)C(c3ccoc3)OC(=O)C3OC321,0
C=CC(C)(O)CCC=C(C)C,0
CC(C=CC=C(C)C=CC1=C(C)CC(O)CC1(C)C)=CC=CC=C(C)C=CC=C(C)C=CC1C(C)=CC(O)CC1(C)C,0
O=c1cc(-c2ccc(OC3OC(CO)C(O)C(O)C3O)c(O)c2)oc2cc(O)cc(O)c12,0
CC(C)=CCCC(C)=CC=CC(C)=CC=CC(C)=CC=CC=C(C)C=CC=C(C)C=CC=C(C)CCC=C(C)C,0
COc1cc(C2OC(c3ccc4c(c3)OCO4)C(C)C2C)ccc1O,0
C=CCc1ccc(O)c(-c2cc(CC=C)ccc2O)c1,0
CC(C)=CCCC1C=Cc2c(c(C)cc3c2[nH]c2cc(O)ccc23)O1,0
COc1cc(-c2[o+]c3cc(O)cc(O)c3cc2O)cc(OC)c1O,0
COc1cc(-c2[o+]c3cc(O)cc(O)c3cc2OC2OC(CO)C(O)C(O)C2O)cc(OC)c1O,0
COc1c(O)cc2oc3cc(O)c(CC=C(C)C)c(O)c3c(=O)c2c1CC(O)C(C)(C)O,0
O=C1CCCC2C3CCCN4CCCC(CN12)C34,0
CCC(C)C(=O)OC1OCC23C(O)C(OC(C)=O)C(OC(C)=O)C1(C)C2CC(O)C1(C)C2CC(=O)C(c4ccoc4)C2(C)CC(=O)C13,0
CC1CCC(C(C)C)C(O)C1,0
COCC12CN(C)C3C4C(OC)C1C3(C(OC)CC2O)C1CC2(O)C(OC)C(O)C4(OC(C)=O)C1C2OC(=O)c1ccccc1,0
CC1C(c2ccc(O)c(O)c2)OC(c2ccc(O)c(O)c2)C1C,0
COc1cc(CC(C)C(C)Cc2ccc(O)c(OC)c2)ccc1O,0
COC(=O)c1cc(O)c(O)c(O)c1,0
CCCCCC=CCC=CCCCCCCCC(=O)OC,0
C=C(CCC(C)C1CCC2C3=C(C(=O)CC21C)C1(C)CCC(=O)C(C)C1CC3=O)C(C)C(=O)OC,0
C=C1CC2(C(=O)O)CC1CCC2C1(C)CCCC(C)(C(=O)OC)C1C(=O)O,0
C=C1CC23CC1CCC2C1(C)CCCC2(C)C(=O)OC(C3=O)C21,0
COC(=O)c1c2c(c3ccccc3c1O)OC(C)(C)C=C2,0
COc1ccc(C2c3cc4c(cc3CC3COC(=O)C32)OCO4)cc1OC,0
CC(C)=CCCC(C)=CCc1c(O)ccc2cc(-c3cc(O)cc(O)c3CC=C(C)C)oc12,0
CC(C)=CCCC(C)=CCc1c(O)ccc2cc(-c3cc(O)cc(O)c3)oc12,0
CC(C)=CCCC(C)=CCc1c(O)ccc2cc(-c3cc(O)cc4c3CC(C(C)(C)O)O4)oc12,0
COc1c(O)cc2oc(-c3cc(O)cc(O)c3)cc2c1CC=C(C)CCC=C(C)C,0
COc1c(O)cc2oc(-c3cc(O)cc(O)c3CC=C(C)C)cc2c1CC=C(C)CCC=C(C)C,0
C=CC(=C)CCC=C(C)C,0
CC1(C)C2CC=C(CO)C1C2,0
CC(C)=CCNc1ncnc2nc[nH]c12,0
O=c1cc(-c2ccccc2)oc2ccc3ccccc3c12,0
CC1OC(OC2C(Oc3cc(O)c4c(c3)OC(c3ccc(O)cc3)CC4=O)OC(CO)C(O)C2O)C(O)C(O)C1O,0
CC1OC(OCC2OC(Oc3cc(O)c4c(c3)OC(c3ccc(O)cc3)CC4=O)C(O)C(O)C2O)C(O)C(O)C1O,0
COc1cc(C2OC(c3ccc(OC)c(OC)c3)C(C)C2C)ccc1O,0
COc1cc(C2OC(c3ccc(O)c(OC)c3)C(C)C2C)ccc1O,0
COc1ccc(-c2cc(=O)c3c(O)cc(OC4OC(CO)C(O)C(O)C4OC4OC(C)C(O)C(O)C4O)cc3o2)cc1O,0
CC1OC(OC2C(Oc3cc(O)c4c(c3)OC(c3ccc(O)c(O)c3)CC4=O)OC(CO)C(O)C2O)C(O)C(O)C1O,0
COc1ccc(C2CC(=O)c3c(O)cc(OC4OC(COC5OC(C)C(O)C(O)C5O)C(O)C(O)C4O)cc3O2)cc1,0
C=CC(C)(O)CCC=C(C)CCC=C(C)C,0
CCCCCCCC(=O)N1CCCC1c1cccnc1,0
COc1ccc2c(c1OC)C(=O)OC2C1c2c(cc3c(c2OC)OCO3)CCN1C,0
CCCCC#CC#CC#CCCCCCCCC(=O)O,0
CC1(C)CCC2(C(=O)O)CCC3(C)C(=CCC4C5(C)CCC(O)C(C)(C)C5CCC43C)C2C1,0
C=CCCC#CC#CC#CCCCCCCC1CC(CO)OC1=O,0
CCCCCCCCCCCCCCCC(=O)O,0
COc1ccc(Cc2nccc3cc(OC)c(OC)cc23)cc1OC,0
COc1cc2c(OC3OCC(O)(CO)C3OC3OCC(OC4OCC(O)(CO)C4O)C(O)C3O)c3c(c(-c4ccc5c(c4)OCO5)c2cc1OC)C(=O)OC3,0
Cc1ccc(C(C)C)cc1,0
OCC1OC(Oc2cc3c(OC4OC(CO)C(O)C(O)C4O)cc(O)cc3[o+]c2-c2ccc(O)cc2)C(O)C(O)C1O,0
C=C(C)C1CC=C(C=O)CC1,0
Oc1cc(O)cc(C=Cc2ccc(O)c(O)c2)c1,0
Oc1cc(O)cc(C=Cc2ccccc2)c1,0
C=C(C)C1C=CC(C)(O)CC1,0
COc1cc(C2c3cc4c(cc3C(=O)C3COC(=O)C32)OCO4)cc(OC)c1OC,0
COc1ccc(C2CC(=O)c3c([O-])cc(O)cc3O2)cc1,0
COc1ccc(C2CC(=O)c3c(O)cc(OC4OC(CO)C(O)C(O)C4OC4OC(C)C(O)C(O)C4O)cc3O2)cc1,0
COc1c(-c2ccc3c(c2)OCO3)c(=O)oc2c3c(ccc12)OC(C)(C)C=C3,0
O=C(O)c1ccc(O)c(O)c1,0
O=c1ccc2cc3ccoc3cc2o1,0
CC(C)=C1CCC(C)CC1=O,0
C=C(C)C1CCC2(C(=O)O)CCC3(C)C(CCC4C5(C)CCC(=O)C(C)(CO)C5CCC43C)C12,0
CCCCCCCCCCCCCC1=C(O)C(=O)C=C(O)C1=O,0
COc1ccc(C=Cc2cc(O)cc(OC3OC(CO)C(O)C(O)C3O)c2)cc1O,0
CCC1CN2CCC3(C(=O)Nc4ccccc43)C2CC1C(=COC)C(=O)OC,0
Cc1cc(=O)c2c(O)cc(O)c(C3CCN(C)CC3O)c2o1,0
CC1OC(OCC2OC(Oc3c(-c4ccc(O)c(O)c4)oc4cc(O)cc(O)c4c3=O)C(O)C(O)C2O)C(O)C(O)C1O,0
CC1OC(OC2CCC3(C)C(CCC4(C)C3C=CC3=C5CC(C)(C)CCC5(CO)C(O)CC34C)C2(C)CO)C(O)C(OC2OC(CO)C(O)C(O)C2O)C1O,0
C=CCSCC(N)C(=O)O,0
CC(C)=CCCC1=CC(c2c(O)cc3c(c2O)C(=O)CC(c2ccc(O)cc2O)O3)C(C(=O)c2ccc(O)c(CC=C(C)C)c2)C(c2ccc(O)cc2O)C1,0
CC(C)=CCC12Oc3cc4c(c(O)c3C(=O)C1(O)Oc1cc(O)ccc12)C=CC(C)(C)O4,0
CC(C)=CCC12Oc3cc(O)c(C4C=C(C)CC(c5ccc(O)cc5O)C4C(=O)c4ccc(O)cc4O)c(O)c3C(=O)C1(O)Oc1cc(O)ccc12,0
COC1(OC)c2ccccc2C(=O)c2[nH]c(=O)cc(C)c21,0
CCOC1(OC)c2ccccc2C(=O)c2[nH]c(=O)cc(C)c21,0
COc1cc2ccc(=O)oc2cc1O,0
COc1cccc(O)c1-c1cc(=O)c2c(O)c(OC)c(OC)c(OC)c2o1,0
O=c1cc(-c2ccc(O)cc2)oc2c(O)c(O)cc(O)c12,0
COc1cc(C2Oc3cc(C4Oc5cc(O)cc(O)c5C(=O)C4O)ccc3OC2CO)ccc1O,0
COc1ccc(-c2cc(=O)c3c(OC)c(OC)c(OC)cc3o2)cc1OC,0
CCCC(=O)[O-].[Na+],0
Oc1ccc(-c2oc3cc(O)cc4c3c2-c2cc(O)cc3c2C(c2cc(O)cc5c2C4C(c2ccc(O)cc2)O5)C(c2ccc(O)cc2)O3)cc1,0
CC(C)=CCc1c(O)ccc2c1OC1(O)C(=O)c3c(cc4c(c3O)C=CC(C)(C)O4)OC21CC=C(C)C,0
CC(C)=CCc1c(O)cc2c(c1O)C(=O)C1(O)Oc3c(ccc(O)c3CC=C(C)C)C1(CC=C(C)C)O2,0
C=C1CCC2C(C3C1CCC3(C)O)C2(C)C,0
CC(C)=CCCC(C)=CCCC(C)=CCCC=C(C)CCC=C(C)CCC=C(C)C,0
CCC(C=CC(C)C1CCC2C3CC=C4CC(O)CCC4(C)C3CCC12C)C(C)C,0
O=C1CC2OCC=C3CN4CCC56c7ccccc7N1C5C2C3CC46,0
CC1C(=O)OC(C2OC34CC5C(CC=C6CC=CC(=O)C65C)C5CC(O3)C(C54)C2(C)O)C1C,0
CC1C(=O)OC(C2OC34CC5C(CC=C6C=CCC(=O)C65C)C5CC(O3)C(C54)C2(C)O)C1C,0
CC1CC(C(C)(O)C2C(O)CC3C4CC=C5C=CCC(=O)C5(C)C4CC(=O)C32)OC(=O)C1C,0
CC1C(=O)OC(C(O)C(C)(O)C2C(O)CC3C4CC=C5C=CCC(=O)C5(C)C4CC(=O)C32)C1C,0
O=C1C(=Cc2ccc(O)c(O)c2)Oc2cc(O)ccc21,0
C=C(C)C1Cc2c(cc(O)c3c2OC2COc4cc(OC)c(OC)cc4C2C3=O)O1,0
COc1c(O)c2c(c(O)c1C(C)C)C(=O)C1C(C)(C)CCCC21C,0
COC(=O)C1C2=C(C(=O)C(=O)C(C(C)C)=C2O)C2(C)CCCC(C)(C)C12,0
O=C(OCC1OC(OC(=O)c2cc(O)c(O)c(OC(=O)c3cc(O)c(O)c(O)c3)c2)C(OC(=O)c2cc(O)c(O)c(OC(=O)c3cc(O)c(O)c(O)c3)c2)C(OC(=O)c2cc(O)c(O)c(OC(=O)c3cc(O)c(O)c(O)c3)c2)C1OC(=O)c1cc(O)c(O)c(OC(=O)c2cc(O)c(O)c(O)c2)c1)c1cc(O)c(O)c(OC(=O)c2cc(O)c(O)c(O)c2)c1,0
O=C1c2c(O)cc(O)cc2OC(c2ccc(O)c(O)c2)C1O,0
COc1c(OC2OC(CO)C(O)C(O)C2O)cc2occ(-c3ccc(O)cc3)c(=O)c2c1O,0
COc1c(O)cc2occ(-c3ccc(O)cc3)c(=O)c2c1O,0
CC1=CCC(O)(C(C)C)CC1,0
CC1=C(O)C(=O)C(C)(O)S1,0
Cc1ccc(C(C)C)c(O)c1,0
CC1=CC(=O)C(C(C)C)=CC1=O,0
O=C(C=Cc1ccc(O)cc1)OCC1OC(Oc2c(-c3ccc(O)cc3)oc3cc(O)cc(O)c3c2=O)C(O)C(O)C1O,0
C=C1C(=O)OC2C1C(OC(=O)C(C)C)CC1(C)C(O)CC(OC(C)=O)C(C)(O)C21,0
CC1CCC2(NC1)OC1CC3C4CC=C5CC(O)CCC5(C)C4CCC3(C)C1C2C,0
CC(C)=CCCC(C)=CCCC(C)=CCO[Si](C)(C)C,0
COc1cc2c(OC3OCC(O)(CO)C3O)c3c(c(-c4ccc5c(c4)OCO5)c2cc1OC)C(=O)OC3,0
COc1cc(O)cc(O)c1C(=O)CCc1ccccc1,0
CC1=CC(=O)C2CC1C2(C)C,0
CCC1(O)CC2CN(CCc3c([nH]c4ccccc34)C(C(=O)OC)(c3cc4c(cc3OC)N(C=O)C3C(O)(C(=O)OC)C(OC(C)=O)C5(CC)C=CCN6CCC43C65)C2)C1.O=S(=O)(O)O,0
C=C(C(=O)O)C1CCC2(C)CCC(O)C(=C)C2C1,0
COc1cc(O)c2c(=O)cc(-c3c(O)cccc3O)oc2c1OC,0
CC(C)=CCc1c(O)cc(O)cc1-c1cc(=O)c2c(O)cc(O)c(CC=C(C)C)c2o1,0
CC1=C(CO)C(=O)OC(C(C)C2CCC3C4CC=C5CC(OC6OC(COC7OC(CO)C(O)C(O)C7O)C(O)C(O)C6O)CC(O)C5(C)C4CCC23C)C1,0
C=C1C(=O)OC2CC(C)C(C=CC(C)=O)=CCC12,0
COc1cc(O)ccc1CC=Cc1ccc(O)cc1,0
CC(C=CC=C(C)C=CC1=C(C)CC(O)CC1(C)C)=CC=CC=C(C)C=CC=C(C)C=CC1=C(C)CC(O)CC1(C)C,0
CC=C1C(=O)CC2C3CCC4=CC(=O)CCC4(C)C3CCC12C,0
C=C(CCC(C)C1CCC2C3=C(C(=O)CC21C)C1(C)CCC(=O)C(C)C1CC3=O)C(C)C(=O)O,0
CC12CCC(=O)CC1CCC1C2CCC2(C)C(C34C=CC(=O)OC3O4)CC3OC312,0
COC(=O)CC(=O)OC1CCC2(C)C(CCC3(C)C2CCC2C(C4(C)CCC(=O)O4)CCC23C)C1(C)C,0
COC1=CC2C3Cc4c(-c5cc(OC)c(O)c6c5CC5C7C=C(OC)C(=O)CC67CCN5C)cc(OC)c(O)c4C2(CCN3C)CC1=O,0
O=C1CCC(O)c2ccccc21,0
COC(=O)c1ccc(OC)cc1NC(=O)c1ccccc1O,0
COc1cc(OC)c(CC=C(C)C)c(-c2cc3ccc(O)cc3o2)c1CC=C(C)C,0
CC(C)=CCCC(C)(O)C1CCC2(C)C1C(O)CC1C3(C)CCC(OC4OC(CO)C(O)C(O)C4O)C(C)(C)C3CCC12C,0
C=C1C(=O)OC2CC3(C)CCCC(=C)C3CC12,0
O=C(NC(COC(=O)C(Cc1ccccc1)NC(=O)c1ccccc1)Cc1ccccc1)c1ccccc1,0
C=C(C)C=CCC1(C)C=CC(OC(=O)C=C(C)C)C2(C)OC2CCC(CO)=CC1,0
Cc1ccc2c(c1O)C(=O)c1ccccc1C2=O,0
C=C1Cc2occ(C)c2C(=O)CC(C)CC2OC12,0
C=C(C)C(=O)CCC(C)C1CCC2(C)C3CCC4C(C)(C)C(=O)CCC45CC35CCC12C,0
C=C1C(=O)OC2C1CCC(C)=C1C(=O)C(OC3OC(CO)C(O)C(O)C3O)=C(C)C12,0
CC(C)C(C)C=CC(C)C1CCC2C3=CC=C4CC(O)CCC4(C)C3CCC21C,0
O=C(C=Cc1ccc(O)c(O)c1)OC(Cc1ccc(O)c(O)c1)C(=O)O,0
CC12CCC3(C1)C(CC2=O)CC(OC(=O)c1ccccc1)C1C(C)(C(=O)O)CCCC13C,0
COc1ccc(C(=O)C=Cc2c(O)cc(OC)c(Cc3ccc(O)c(O)c3)c2OC)cc1O,0
CC(=O)OC1CC(C)C(O)(CCC2=CC(=O)OC2)C2(C)CCCC(C)(C)C12,0
O=C(O)c1cc(O)c2c(c1)C(=O)c1cccc(O)c1C2=O,0
C=C(C)C1CCC2(C1)C(C)=CC(=O)CC2C,0
C=C1C(=O)OC2C1CCC1(C)C(O)CCC(=C)C21,0
C=C1C=CC(C)(C)CCCC(C)=CCC1,0
COc1ccc2c(c1)oc(=O)n2O,0
CC(=CCOc1ccc(CCCO)cc1)CO,0
COC1OC(C2OC2(C)C)CC1C1CCC2(C)C3=CCC4C(C)(C)C(O)CCC4(C)C3CCC12C,0
CN1CCc2cc3c(c4c2C1Cc1cc2c(cc1-4)OCO2)OCO3,0
CC12CCC3(C1)C(CC(OC(=O)c1ccccc1)C1C(C)(CO)CCCC13C)CC2O,0
COC1=CC23CCN(C)C(Cc4cc(OC)c(O)cc42)C3=CC1=O,0
CC=CC#CC#CC#CC=CC(O)CO,0
COC1=CC23CCN(C)C(Cc4ccc(OC)c(O)c42)C3=CC1=O,0
CC(CC=CC(C)(C)OO)C1C(O)CC2(C)C3=CCC4C(C)(C)C(O)CCC4(C)C3CCC12C,0
O=C1CCCN1,0
CC(=O)OC1C(OC2CCC34CC35CCC3(C)C(C(C)CCC=C(C)CO)C(O)CC3(C)C5CC(O)C4C2(C)C)OC(CO)C(O)C1O,0
COc1cc2oc3ccc(O)c(O)c3c(=O)c2c(OC)c1OC,0
CC1(C)CCC2(C(=O)O)CCC3(C)C(=CCC4C5(C)CCC(OC6OCC(O)C(O)C6O)C(C)(C)C5CCC43C)C2C1,0
CC1(C)C(O)CCC2(C)C3CC4C5CC3(CCC12)CC45C,0
COc1cc2oc3ccc(O)cc3c(=O)c2c(O)c1CC=C(C)C,0
COc1cc(C=CCO)ccc1O,0
C=CC(C)(O)CCC1(C)C2=C(C(OC(C)=O)C(OC(C)=O)C1C)C(C)(C)CCC2,0
COc1cc(O)c(C)c(O)c1C(=O)C=Cc1ccccc1,0
COc1ccc(C(=O)CCCCCN(C)C)cc1O,0
COc1c(C(C)C)cc2c(=O)cc3c(cc2c1OC)C=CC(=O)C3(C)C,0
C=CCc1cc2c(c(OC)c1OC)OCO2,0
COc1c(C(C)C)cc2c(=O)cc3c(cc2c1O)C=CC(=O)C3(C)C,0
CC(C)(C=CCC1C(=O)OC2CC3(C)C4=CCC5C(C)(C)C(=O)CCC5(C)C4CCC3(C)C21)OO,0
NCC(O)C(O)CNC(=O)C=Cc1ccc(O)cc1,0
Oc1ccc(C2Oc3cc(O)c4c5c3C2c2cc(O)cc(O)c2C(c2ccc(O)cc2)C5C(c2ccc(O)cc2)C4c2cc(O)cc(O)c2)cc1,0
COc1ccc(-c2cc(=O)c3c(O)cc(O)cc3o2)cc1O,0
COC(=O)C12OCC34C(CC5C(C)C=C(OC6OC(CO)C(O)C(O)C6O)C(=O)C5(C)C3C(O)C1O)OC(=O)C(OC(=O)C=C(C)C)C24,0
COc1cc2c(=O)c3c(O)c(OC)c(O)cc3oc2cc1O,0
O=C1NCc2c1c1c3ccccc3[nH]c1c1[nH]c3ccccc3c21,0
COc1ccc(CC2c3cc(Oc4cc(CC5c6cc(OC)c(OC)cc6CCN5C)ccc4O)c(OC)cc3CCN2C)cc1,0
CC1(C=CCl)CC(Cl)(CBr)C(Br)CC1Cl,0
Cc1cc(O)c2c(c1)C(=O)c1c(c(O)cc(O)c1-c1c(O)cc(O)c3c1C(=O)c1cc(C)cc(O)c1C3=O)C2=O,0
CC(=O)OC1CC2C3(C)CCC(OC(C)=O)C(C)(C)C3CCC2(C)C2(C)CCC(C3(C)CCC(C(C)(C)O)O3)C12,0
COc1ccc(C2=C(c3ccc(OC)c(OC)c3)CN3CCCC3C2)cc1OC,0
CC(=O)OC1CCC2(C)C(CCC3(C)C2CCC2C(C4(C)CCC(C(C)(C)O)O4)CCC23C)C1(C)C,0
CC(C)c1ccc2c(c1)CCC1C(C)(C(=O)O)CCCC21C,0
CC(=O)OC(C)(C)C1OC23OC1CC(C)C2C1(C)CCC24CC25CCC(OC2OCC(O)C(O)C2O)C(C)(C)C5CCC4C1(C)C3O,0
COc1cc(C=CC(=O)NCCc2ccc(O)cc2)ccc1O,0
COc1cc(O)c2c(=O)c3cc(O)ccc3oc2c1OC,0
CC(C)C12C=C3CCC4C(C)(CO)CCCC4(C)C3(CC1)OO2,0
COc1ccc(C=CC(=O)c2ccc(OC)cc2O)cc1,0
COc1cc2c(c(OC)c1OC)-c1c(cc3c(c1OC)OCO3)C(OC(=O)c1ccccc1)C(C)(O)C(C)C2,0
Nc1ncnc2c1ncn2C1OC(CO)CC1O,0
C=CCCCCCCCCCC=C1C(=O)OC(=C)C1O,0
CC(=O)CCC(=CC1=C(C)CCC1=O)C(C)C,0
COC1=CC(=O)C=C(OC)C1=O,0
C=CC1(C)CCC(C(=C)C)CC1C(=C)C,0
C=C1C(O)CCC2(C)C(OC(C)=O)C(OC(C)=O)C3=C(C)C(=O)CC(C(OC(C)=O)C12)C3(C)C,0
Cc1cc(O)c2c(c1)C(=O)C=CC2=O,0
CC(C)=CCc1c(O)c(O)cc2c(=O)c3c(O)c4c(cc3oc12)OC(C)(C)C=C4,0
Oc1cc(O)cc(C=Cc2ccc(O)cc2O)c1,0
Oc1ccc(C=Cc2c3c(cc4c2C(c2cc(O)cc(O)c2)C(c2ccc(O)cc2)O4)OC(c2ccc(O)cc2)C3c2cc(O)cc(O)c2)cc1,0
COc1ccc2oc3ccc(O)c(OC)c3c(=O)c2c1,0
CC(=O)OC1C2=C(C)C(O)CC2(C(C)(C)O)C(OC(C)=O)C2C3(OC(C)=O)COC3CC(OC(C)=O)C2(C)C1O,0
CC(C)=CCCC(C)=CCCC(C)=CCc1c(O)cc(C)cc1O,0
CC(=O)OC1CC(C)C(O)(CCc2ccoc2)C2(C)CCCC(C)(C)C12,0
CC(C)c1cc2c(cc1O)C1(C)CCCC(C)(C)C1CC2,0
CC(C)=CC1CC(C)(O)C2C3CCC4C5(C)CCC(OC6OCC(O)C(OC7OC(CO)C(O)C(O)C7O)C6OC6OC(CO)C(O)C6O)C(C)(C)C5CCC4(C)C34COC2(C4)O1,0
COc1ccc(-c2cc(=O)c3c(O)cc(O)c(-c4cc(-c5cc(=O)c6c(O)cc(O)cc6o5)ccc4O)c3o2)cc1,0
C=C1COC2(OC3CC4C5CC=C6CC(O)CC(OC7OCC(O)C(O)C7OC7OC(C)C(O)C(OC(C)=O)C7OC(C)=O)C6(C)C5CCC4(C)C3C2C)C(O)C1O,0
C=C(C)C1CCC2C3(C)CCC(C(C)C4CC=C(C)C(=O)O4)C3(C)CCC23CC13CCC(=O)O,0
O=C(C=Cc1ccc(O)cc1)NCCc1ccc(O)cc1,0
C=C(C(C)C)C(O)CC(C)C1C(O)CC2(C)C3CCC4C(C)(C)C(O)CCC45CC35CCC12C,0
C=C(C=O)C1CCC2(C)CCC3(C)C(CCC4C5(C)CCC(O)C(C)(C)C5CCC43C)C12,0
COc1cc(C2Oc3c(OC)cc(CCCO)cc3C2CO)ccc1O,0
C1CCN2CC3CC(CN4CCCCC34)C2C1,0
COC(=O)c1cc(O)c(OC)c(O)c1,0
CC(C)=CCCC(C)=CCc1c(O)cc(O)c(CC=C(C)C)c1-c1cc2ccc(O)cc2o1,0
COc1ccc(C2=Cc3ccc(O)cc3OC2)c(O)c1OC,0
C=C(C)C1CCC2(C)C(CCC3C(C4(C)CCC(C(C)(C)O)O4)CCC32C)C1(C)CCC(=O)OC,0
COC1=C(OC)C(=O)C(C2COc3c(cc(OC)c(OC)c3OC)C2)=CC1=O,0
COc1ccc(C(C)=O)c(O)c1,0
C=C(C)C1CCC2(C)C(CCC3=C4CC(C)(C)CCC4(C)CCC32C)C1(C)CCC(=O)O,0
COC(=O)C(CC=CC(C)(C)OO)C1C(O)CC2(C)C3=CCC4C(C)(C)C(=O)CCC4(C)C3CCC12C,0
COC(=O)C1C(=O)c2ccccc2C23OCC(C)(C=CC12)O3,0
CC(C)=CCc1c(O)cc(O)c2c1OC(c1ccc(O)cc1O)CC2=O,0
C=CC(C=Cc1ccc(O)cc1)c1ccc(O)cc1,0
CC(=O)OC12COC1CC(O)C1(C)C(O)C(O)C3=C(C)C(=O)CC(O)(C(OC(=O)c4ccccc4)C21)C3(C)C,0
CC(C)=CCc1c(O)cc2oc(-c3ccc(O)cc3)cc(=O)c2c1O,0
Oc1ccc(C=Cc2cc(O)cc3c2C(c2cc(O)cc(O)c2)C(c2ccc(O)c(O)c2)O3)cc1,0
CC1=CCc2c(C)coc2CC(C)=CCC1,0
CC1=C2OCC(C)c3c(O)cc(C)c(c32)C(=O)C1=O,0
CC(=O)OCC1(C)CCCC2(C)C1CC(OC(C)=O)C1=CC3(C(C)C)CCC12OO3,0
COc1c(O)ccc2c1C(=O)c1ccccc1C2=O,0
CC(=O)OC1CC(COC2OC(CO)C(O)C(O)C2O)CNC12OC1CC3C4CCC5CC(OC6OC(CO)C(OC7OC(CO)C(O)C(OC8OCC(O)C(O)C8O)C7OC7OC(CO)C(O)C(O)C7O)C(O)C6O)CCC5(C)C4CCC3(C)C1C2C,0
COc1cc(C(=O)CCCCCN(C)C)ccc1O,0
C=C(C=O)C1CCC2(CO)CCC3(C)C(CCC4C5(C)CCC(=O)C(C)(C)C5CCC43C)C12,0
O=C(C=CCCc1ccc(O)c(O)c1)CCc1ccc(O)c(O)c1,0
COc1ccc(-c2cc(=O)c3c(O)cc(OC)c(-c4cc(-c5cc(=O)c6c(O)cc(OC)cc6o5)ccc4OC)c3o2)cc1,0
COc1cc2c(cc1O)CC1NCCc3cc4c(c-2c31)OCO4,0
CCOC(=O)C=Cc1ccc(O)c(O)c1,0
CC1(C)CCC2(C(=O)O)CCC3(C)C(=CCC4C5(C)CCC(OC6OC(CO)C(OC7OC(CO)C(O)C(O)C7O)C(O)C6O)C(C)(C)C5CCC43C)C2C1,0
C=C(C)C(O)CCC(C)(O)C1CCC2(C)C1CCC1C3(C)CCC(=O)C(C)(C)C3CCC12C,0
C=CC(C)(C)c1c2c(c(O)c3ccc(=O)oc13)C=CC(C)(C)O2,0
CCN1CC2(COC)C(O)CC(OC)C34C5CC6(O)C(OC)C(O)C(OC(C)=O)(C5C6OC(=O)c5ccccc5)C(C(OC)C23)C14,0
CC(C)=CCc1c(-c2ccc(O)cc2O)oc2cc3c(c(O)c2c1=O)C=CC(C)(C)O3,0
CC1CN2CC3CCC(=O)C4=C5C(=C(O)C1CC2C53C)C1=C4CCOC1=O,0
CC(C)(O)C1CCC(C)(C2CCC3(C)C2CCC2C4(C)CCC(=O)C(C)(C)C4CCC23C)O1,0
COc1cc2c(cc1OC)C13CCN4CC(=CCO)C(CC41)C1=CCC(=O)N2C13,0
COc1cc(C2c3cc(O)c(OC)cc3C=C(C(=O)NCCc3ccc(O)cc3)C2C(=O)NCCc2ccc(O)cc2)ccc1O,0
NC(=O)N1CCCC1=O,0
COc1ccc(O)c2c(=O)c3cc(O)ccc3oc12,0
CC1(C)CCCC2(C)C3CC4C(CO)=CCOC4C3CC(O)C12,0
CC12CC3(O)OC(O1)C1(COC(=O)c4ccccc4)C3CC21OC1OC(CO)C(O)C(O)C1O,0
Oc1ccc(C2c3c(O)cc(O)cc3C3C(c4ccc(O)cc4)c4c(O)cc(O)cc4C23)cc1,0
COC1c2cc(C(C)C)c(O)cc2C2(C)CCCC(C)(C)C2C1O,0
C=C(C)C1CC=C2C(CCC23C(=C)CCC3(C)C(C)CC(=O)C2CC(CCC=C(C)C)=CCC2(C)C(=O)O)C1(C)CCC(=O)O,0
CC(C)=CC(=O)OC1C=CC(C)(CC=CC(C)(C)O)CC=C(C=O)CCC2OC12C,0
COc1ccc2c(c1O)-c1nccc(C)c1C2=O,0
COc1ccc(CCCO)cc1OC,0
O=C1C=CC2OC(c3ccccc3)C(O)C2O1,0
CC1(C)CCC2(C(=O)O)CCC3(C)C(=CCC4C5(C)CCC(OC6OC(CO)C(O)C(O)C6O)C(C)(C)C5CCC43C)C2C1,0
O=C1CC2CC(O1)C(O)C(c1ccccc1)O2,0
COC(=O)CC(=O)OC1CCC2(C)C(CCC3(C)C2CC(OC(C)=O)C2C(C4(C)CCC(C(C)(C)O)O4)CCC23C)C1(C)C,0
C=C(C)C(O)CCC(C)C1C(O)CC2(C)C3=CCC4C(C)(C)C(=O)CCC4(C)C3CCC12C,0
O=C1CCC(O)c2cccc(O)c21,0
